-- Script de préparation de la BDD demo (schéma public) - ORACLE

DROP TABLE "TTABLEOTHER";
DROP TABLE "TMODELE";
DROP TABLE "TTYPEMATERIEL";
DROP TABLE "TCATEGORYMATERIEL";
DROP TABLE "TTABLEOTHERTEST2";
DROP TABLE "NOT_USED";

  CREATE TABLE "TCATEGORYMATERIEL" 
   (	"ID" NUMBER NOT NULL, 
		"NOM" VARCHAR2(256 BYTE) NOT NULL, 
		"DETAIL" VARCHAR2(256 BYTE) NOT NULL,
		CONSTRAINT "TCATEGORYMATERIEL_PK" PRIMARY KEY ("ID") USING INDEX ENABLE
   ) TABLESPACE "USERS" ;

  
CREATE TABLE "TTYPEMATERIEL"
(
    "ID" NUMBER NOT NULL,
    "TYPE" VARCHAR2(256 BYTE) NOT NULL,
    "SERIE" VARCHAR2(256 BYTE),
    "CATID" NUMBER NOT NULL,
    CONSTRAINT "TTYPEMATERIEL_PK" PRIMARY KEY ("ID") USING INDEX ENABLE,
    CONSTRAINT "CAT_TYPE" FOREIGN KEY ("CATID") REFERENCES "TCATEGORYMATERIEL" ("ID") 
) TABLESPACE "USERS" ;


CREATE TABLE "TTABLEOTHER"
(
    "ID" NUMBER NOT NULL,
    "VALUE" VARCHAR2(256 BYTE) NOT NULL,
    "COUNT" NUMBER,
    "WHEN" TIMESTAMP,
    "TYPEID" NUMBER NOT NULL,
    CONSTRAINT "TTABLEOTHER_pkey" PRIMARY KEY ("ID"),
    CONSTRAINT "TYPE_OTHE" FOREIGN KEY ("TYPEID") REFERENCES "TTYPEMATERIEL" ("ID") 
) TABLESPACE "USERS" ;


CREATE TABLE "TTABLEOTHERTEST2"
(
    "ID" NUMBER NOT NULL,
    "VALUE1" VARCHAR2(256 BYTE) NOT NULL,
    "VALUE2" VARCHAR2(256 BYTE) NOT NULL,
    "VALUE3" VARCHAR2(256 BYTE) NOT NULL,
    "WEIGHT" FLOAT,
    "LAST_UPDATED" TIMESTAMP,
    CONSTRAINT "TTABLEOTHERTEST2_pkey" PRIMARY KEY ("ID")
) TABLESPACE "USERS" ;


CREATE TABLE "TMODELE"
(
    "ID" NUMBER NOT NULL,
    "CODE_SERIE" VARCHAR2(128 BYTE) NOT NULL,
    "CREATE_DATE" TIMESTAMP,
    "FABRICANT" VARCHAR2(256 BYTE) NOT NULL,
    "DESCRIPTION" VARCHAR2(1024 BYTE) NOT NULL,
    "BINARY_VALUE" BLOB,
    "TYPEID" NUMBER NOT NULL,
    "ACTIF" SMALLINT NOT NULL,
    CONSTRAINT "TMODELE_pkey" PRIMARY KEY ("ID"),
    CONSTRAINT "TYPE_MODE" FOREIGN KEY ("TYPEID") REFERENCES "TTYPEMATERIEL" ("ID") 
) TABLESPACE "USERS" ;


CREATE TABLE "NOT_USED"
(
    "ID" NUMBER NOT NULL,
    "VALUE" VARCHAR2(256 BYTE) NOT NULL,
    "WEIGHT" FLOAT,
    "LAST_UPDATED" TIMESTAMP,
    CONSTRAINT "NOT_USED_pkey" PRIMARY KEY ("ID")
) TABLESPACE "USERS" ;



-- Pour l'instant des données très simples.

INSERT INTO "TTABLEOTHERTEST2"("ID", "VALUE1", "VALUE2", "VALUE3", "WEIGHT", "LAST_UPDATED") VALUES (1, 'Something1', 'test', 'test1', 14.5, '02-01-2018 23:42:32');
INSERT INTO "TTABLEOTHERTEST2"("ID", "VALUE1", "VALUE2", "VALUE3", "WEIGHT", "LAST_UPDATED") VALUES (2, 'Something2', 'test', 'test2', 14.5, '02-01-2018 23:42:32');
INSERT INTO "TTABLEOTHERTEST2"("ID", "VALUE1", "VALUE2", "VALUE3", "WEIGHT", "LAST_UPDATED") VALUES (3, 'Something3', 'test', 'test3', 14.5, '02-01-2018 23:42:32');
INSERT INTO "TTABLEOTHERTEST2"("ID", "VALUE1", "VALUE2", "VALUE3", "WEIGHT", "LAST_UPDATED") VALUES (4, 'Something4', 'test', 'test4', 14.5, '02-01-2018 23:42:32');
INSERT INTO "TTABLEOTHERTEST2"("ID", "VALUE1", "VALUE2", "VALUE3", "WEIGHT", "LAST_UPDATED") VALUES (5, 'Something5', 'test', 'test5', 14.5, '02-01-2018 23:42:32');
INSERT INTO "TTABLEOTHERTEST2"("ID", "VALUE1", "VALUE2", "VALUE3", "WEIGHT", "LAST_UPDATED") VALUES (6, 'Something6', 'test', 'test6', 14.5, '02-01-2018 23:42:32');
INSERT INTO "TTABLEOTHERTEST2"("ID", "VALUE1", "VALUE2", "VALUE3", "WEIGHT", "LAST_UPDATED") VALUES (7, 'Something7', 'test', 'test7', 14.5, '02-01-2018 23:42:32');
INSERT INTO "TTABLEOTHERTEST2"("ID", "VALUE1", "VALUE2", "VALUE3", "WEIGHT", "LAST_UPDATED") VALUES (8, 'Something8', 'test', 'test8', 14.5, '02-01-2018 23:42:32');
INSERT INTO "TTABLEOTHERTEST2"("ID", "VALUE1", "VALUE2", "VALUE3", "WEIGHT", "LAST_UPDATED") VALUES (9, 'Something9', 'test', 'test9', 14.5, '02-01-2018 23:42:32');
INSERT INTO "TTABLEOTHERTEST2"("ID", "VALUE1", "VALUE2", "VALUE3", "WEIGHT", "LAST_UPDATED") VALUES (10, 'Something11', 'test', 'test11', 14.5, '02-01-2018 23:45:35');
INSERT INTO "TTABLEOTHERTEST2"("ID", "VALUE1", "VALUE2", "VALUE3", "WEIGHT", "LAST_UPDATED") VALUES (11, 'Something12', 'test', 'test12', 14.5, '02-01-2018 23:45:35');
INSERT INTO "TTABLEOTHERTEST2"("ID", "VALUE1", "VALUE2", "VALUE3", "WEIGHT", "LAST_UPDATED") VALUES (12, 'Something13', 'test', 'test13', 14.5, '02-01-2018 23:45:35');
INSERT INTO "TTABLEOTHERTEST2"("ID", "VALUE1", "VALUE2", "VALUE3", "WEIGHT", "LAST_UPDATED") VALUES (13, 'Something14', 'test', 'test14', 14.5, '02-01-2018 23:45:35');
INSERT INTO "TTABLEOTHERTEST2"("ID", "VALUE1", "VALUE2", "VALUE3", "WEIGHT", "LAST_UPDATED") VALUES (14, 'Something15', 'test', 'test15', 14.5, '02-01-2018 23:45:35');
INSERT INTO "TTABLEOTHERTEST2"("ID", "VALUE1", "VALUE2", "VALUE3", "WEIGHT", "LAST_UPDATED") VALUES (15, 'Something16', 'test', 'test16', 14.5, '02-01-2018 23:45:35');
INSERT INTO "TTABLEOTHERTEST2"("ID", "VALUE1", "VALUE2", "VALUE3", "WEIGHT", "LAST_UPDATED") VALUES (16, 'Something17', 'test', 'test17', 14.5, '02-01-2018 23:45:35');
INSERT INTO "TTABLEOTHERTEST2"("ID", "VALUE1", "VALUE2", "VALUE3", "WEIGHT", "LAST_UPDATED") VALUES (17, 'Something18', 'test', 'test18', 14.5, '02-01-2018 23:45:35');
INSERT INTO "TTABLEOTHERTEST2"("ID", "VALUE1", "VALUE2", "VALUE3", "WEIGHT", "LAST_UPDATED") VALUES (18, 'Something19', 'test', 'test19', 14.5, '02-01-2018 23:45:35');
INSERT INTO "TTABLEOTHERTEST2"("ID", "VALUE1", "VALUE2", "VALUE3", "WEIGHT", "LAST_UPDATED") VALUES (19, 'Something20', 'test', 'test20', 14.5, '02-01-2018 23:45:37');
INSERT INTO "TTABLEOTHERTEST2"("ID", "VALUE1", "VALUE2", "VALUE3", "WEIGHT", "LAST_UPDATED") VALUES (20, 'Something21', 'test', 'test21', 14.5, '02-01-2018 23:45:37');
INSERT INTO "TTABLEOTHERTEST2"("ID", "VALUE1", "VALUE2", "VALUE3", "WEIGHT", "LAST_UPDATED") VALUES (21, 'Something22', 'test', 'test22', 14.5, '02-01-2018 23:45:37');
INSERT INTO "TTABLEOTHERTEST2"("ID", "VALUE1", "VALUE2", "VALUE3", "WEIGHT", "LAST_UPDATED") VALUES (22, 'Something23', 'test', 'test23', 14.5, '02-01-2018 23:45:37');
INSERT INTO "TTABLEOTHERTEST2"("ID", "VALUE1", "VALUE2", "VALUE3", "WEIGHT", "LAST_UPDATED") VALUES (23, 'Something24', 'test', 'test24', 14.5, '02-01-2018 23:45:37');
INSERT INTO "TTABLEOTHERTEST2"("ID", "VALUE1", "VALUE2", "VALUE3", "WEIGHT", "LAST_UPDATED") VALUES (24, 'Something25', 'test', 'test25', 14.5, '02-01-2018 23:45:37');
INSERT INTO "TTABLEOTHERTEST2"("ID", "VALUE1", "VALUE2", "VALUE3", "WEIGHT", "LAST_UPDATED") VALUES (25, 'Something26', 'test', 'test26', 14.5, '02-01-2018 23:45:37');
INSERT INTO "TTABLEOTHERTEST2"("ID", "VALUE1", "VALUE2", "VALUE3", "WEIGHT", "LAST_UPDATED") VALUES (26, 'Something27', 'test', 'test27', 14.5, '02-01-2018 23:45:37');
INSERT INTO "TTABLEOTHERTEST2"("ID", "VALUE1", "VALUE2", "VALUE3", "WEIGHT", "LAST_UPDATED") VALUES (27, 'Something28', 'test', 'test28', 14.5, '02-01-2018 23:45:37');
INSERT INTO "TTABLEOTHERTEST2"("ID", "VALUE1", "VALUE2", "VALUE3", "WEIGHT", "LAST_UPDATED") VALUES (28, 'Something29', 'test', 'test29', 14.5, '02-01-2018 23:45:37');
INSERT INTO "TTABLEOTHERTEST2"("ID", "VALUE1", "VALUE2", "VALUE3", "WEIGHT", "LAST_UPDATED") VALUES (29, 'Something30', 'test', 'test30', 14.5, '02-01-2018 23:45:37');
INSERT INTO "TTABLEOTHERTEST2"("ID", "VALUE1", "VALUE2", "VALUE3", "WEIGHT", "LAST_UPDATED") VALUES (30, 'Something31', 'test', 'test31', 14.5, '02-01-2018 23:45:37');
INSERT INTO "TTABLEOTHERTEST2"("ID", "VALUE1", "VALUE2", "VALUE3", "WEIGHT", "LAST_UPDATED") VALUES (31, 'Something32', 'test', 'test32', 14.5, '02-01-2018 23:45:37');
INSERT INTO "TTABLEOTHERTEST2"("ID", "VALUE1", "VALUE2", "VALUE3", "WEIGHT", "LAST_UPDATED") VALUES (32, 'Something33', 'test', 'test33', 14.5, '02-01-2018 23:45:37');
INSERT INTO "TTABLEOTHERTEST2"("ID", "VALUE1", "VALUE2", "VALUE3", "WEIGHT", "LAST_UPDATED") VALUES (33, 'Something34', 'test', 'test34', 14.5, '02-01-2018 23:45:37');
INSERT INTO "TTABLEOTHERTEST2"("ID", "VALUE1", "VALUE2", "VALUE3", "WEIGHT", "LAST_UPDATED") VALUES (34, 'Something35', 'test', 'test35', 14.5, '02-01-2018 23:45:37');
INSERT INTO "TTABLEOTHERTEST2"("ID", "VALUE1", "VALUE2", "VALUE3", "WEIGHT", "LAST_UPDATED") VALUES (35, 'Something36', 'test', 'test36', 14.5, '02-01-2018 23:45:37');
INSERT INTO "TTABLEOTHERTEST2"("ID", "VALUE1", "VALUE2", "VALUE3", "WEIGHT", "LAST_UPDATED") VALUES (36, 'Something37', 'test', 'test37', 14.5, '02-01-2018 23:45:37');
INSERT INTO "TTABLEOTHERTEST2"("ID", "VALUE1", "VALUE2", "VALUE3", "WEIGHT", "LAST_UPDATED") VALUES (37, 'Something38', 'test', 'test38', 14.5, '02-01-2018 23:45:37');
INSERT INTO "TTABLEOTHERTEST2"("ID", "VALUE1", "VALUE2", "VALUE3", "WEIGHT", "LAST_UPDATED") VALUES (38, 'Something39', 'test', 'test39', 14.5, '02-01-2018 23:45:37');
INSERT INTO "TTABLEOTHERTEST2"("ID", "VALUE1", "VALUE2", "VALUE3", "WEIGHT", "LAST_UPDATED") VALUES (39, 'Something40', 'test', 'test40', 14.5, '02-01-2018 23:45:37');
INSERT INTO "TTABLEOTHERTEST2"("ID", "VALUE1", "VALUE2", "VALUE3", "WEIGHT", "LAST_UPDATED") VALUES (40, 'Something41', 'test', 'test41', 14.5, '02-01-2018 23:45:37');
INSERT INTO "TTABLEOTHERTEST2"("ID", "VALUE1", "VALUE2", "VALUE3", "WEIGHT", "LAST_UPDATED") VALUES (41, 'Something42', 'test', 'test42', 14.5, '02-01-2018 23:45:37');
INSERT INTO "TTABLEOTHERTEST2"("ID", "VALUE1", "VALUE2", "VALUE3", "WEIGHT", "LAST_UPDATED") VALUES (42, 'Something43', 'test', 'test43', 14.5, '02-01-2018 23:45:37');
INSERT INTO "TTABLEOTHERTEST2"("ID", "VALUE1", "VALUE2", "VALUE3", "WEIGHT", "LAST_UPDATED") VALUES (43, 'Something44', 'test', 'test44', 14.5, '02-01-2018 23:45:37');
INSERT INTO "TTABLEOTHERTEST2"("ID", "VALUE1", "VALUE2", "VALUE3", "WEIGHT", "LAST_UPDATED") VALUES (44, 'Something45', 'test', 'test45', 14.5, '02-01-2018 23:45:37');
INSERT INTO "TTABLEOTHERTEST2"("ID", "VALUE1", "VALUE2", "VALUE3", "WEIGHT", "LAST_UPDATED") VALUES (45, 'Something46', 'test', 'test46', 14.5, '02-01-2018 23:45:37');
INSERT INTO "TTABLEOTHERTEST2"("ID", "VALUE1", "VALUE2", "VALUE3", "WEIGHT", "LAST_UPDATED") VALUES (46, 'Something47', 'test', 'test47', 14.5, '02-01-2018 23:45:37');
INSERT INTO "TTABLEOTHERTEST2"("ID", "VALUE1", "VALUE2", "VALUE3", "WEIGHT", "LAST_UPDATED") VALUES (47, 'Something48', 'test', 'test48', 14.5, '02-01-2018 23:45:37');
INSERT INTO "TTABLEOTHERTEST2"("ID", "VALUE1", "VALUE2", "VALUE3", "WEIGHT", "LAST_UPDATED") VALUES (48, 'Something49', 'test', 'test49', 14.5, '02-01-2018 23:45:37');
INSERT INTO "TTABLEOTHERTEST2"("ID", "VALUE1", "VALUE2", "VALUE3", "WEIGHT", "LAST_UPDATED") VALUES (49, 'Something50', 'test', 'test50', 14.5, '02-01-2018 23:45:37');
INSERT INTO "TTABLEOTHERTEST2"("ID", "VALUE1", "VALUE2", "VALUE3", "WEIGHT", "LAST_UPDATED") VALUES (50, 'Something51', 'test', 'test51', 14.5, '02-01-2018 23:45:37');
INSERT INTO "TTABLEOTHERTEST2"("ID", "VALUE1", "VALUE2", "VALUE3", "WEIGHT", "LAST_UPDATED") VALUES (51, 'Something52', 'test', 'test52', 14.5, '02-01-2018 23:45:37');
INSERT INTO "TTABLEOTHERTEST2"("ID", "VALUE1", "VALUE2", "VALUE3", "WEIGHT", "LAST_UPDATED") VALUES (52, 'Something53', 'test', 'test53', 14.5, '02-01-2018 23:45:37');
INSERT INTO "TTABLEOTHERTEST2"("ID", "VALUE1", "VALUE2", "VALUE3", "WEIGHT", "LAST_UPDATED") VALUES (53, 'Something54', 'test', 'test54', 14.5, '02-01-2018 23:45:37');
INSERT INTO "TTABLEOTHERTEST2"("ID", "VALUE1", "VALUE2", "VALUE3", "WEIGHT", "LAST_UPDATED") VALUES (54, 'Something55', 'test', 'test55', 14.5, '02-01-2018 23:45:37');
INSERT INTO "TTABLEOTHERTEST2"("ID", "VALUE1", "VALUE2", "VALUE3", "WEIGHT", "LAST_UPDATED") VALUES (55, 'Something56', 'test', 'test56', 14.5, '02-01-2018 23:45:37');
INSERT INTO "TTABLEOTHERTEST2"("ID", "VALUE1", "VALUE2", "VALUE3", "WEIGHT", "LAST_UPDATED") VALUES (56, 'Something57', 'test', 'test57', 14.5, '02-01-2018 23:45:37');
INSERT INTO "TTABLEOTHERTEST2"("ID", "VALUE1", "VALUE2", "VALUE3", "WEIGHT", "LAST_UPDATED") VALUES (57, 'Something58', 'test', 'test58', 14.5, '02-01-2018 23:45:37');
INSERT INTO "TTABLEOTHERTEST2"("ID", "VALUE1", "VALUE2", "VALUE3", "WEIGHT", "LAST_UPDATED") VALUES (58, 'Something59', 'test', 'test59', 14.5, '02-01-2018 23:45:37');
INSERT INTO "TTABLEOTHERTEST2"("ID", "VALUE1", "VALUE2", "VALUE3", "WEIGHT", "LAST_UPDATED") VALUES (59, 'Something60', 'test', 'test60', 14.5, '02-01-2018 23:45:37');
INSERT INTO "TTABLEOTHERTEST2"("ID", "VALUE1", "VALUE2", "VALUE3", "WEIGHT", "LAST_UPDATED") VALUES (60, 'Something61', 'test', 'test61', 14.5, '02-01-2018 23:45:37');
INSERT INTO "TTABLEOTHERTEST2"("ID", "VALUE1", "VALUE2", "VALUE3", "WEIGHT", "LAST_UPDATED") VALUES (61, 'Something62', 'test', 'test62', 14.5, '02-01-2018 23:45:37');
INSERT INTO "TTABLEOTHERTEST2"("ID", "VALUE1", "VALUE2", "VALUE3", "WEIGHT", "LAST_UPDATED") VALUES (62, 'Something63', 'test', 'test63', 14.5, '02-01-2018 23:45:37');
INSERT INTO "TTABLEOTHERTEST2"("ID", "VALUE1", "VALUE2", "VALUE3", "WEIGHT", "LAST_UPDATED") VALUES (63, 'Something64', 'test', 'test64', 14.5, '02-01-2018 23:45:37');
INSERT INTO "TTABLEOTHERTEST2"("ID", "VALUE1", "VALUE2", "VALUE3", "WEIGHT", "LAST_UPDATED") VALUES (64, 'Something65', 'test', 'test65', 14.5, '02-01-2018 23:45:37');
INSERT INTO "TTABLEOTHERTEST2"("ID", "VALUE1", "VALUE2", "VALUE3", "WEIGHT", "LAST_UPDATED") VALUES (65, 'Something66', 'test', 'test66', 14.5, '02-01-2018 23:45:37');
INSERT INTO "TTABLEOTHERTEST2"("ID", "VALUE1", "VALUE2", "VALUE3", "WEIGHT", "LAST_UPDATED") VALUES (66, 'Something67', 'test', 'test67', 14.5, '02-01-2018 23:45:37');
INSERT INTO "TTABLEOTHERTEST2"("ID", "VALUE1", "VALUE2", "VALUE3", "WEIGHT", "LAST_UPDATED") VALUES (67, 'Something68', 'test', 'test68', 14.5, '02-01-2018 23:45:37');
INSERT INTO "TTABLEOTHERTEST2"("ID", "VALUE1", "VALUE2", "VALUE3", "WEIGHT", "LAST_UPDATED") VALUES (68, 'Something69', 'test', 'test69', 14.5, '02-01-2018 23:45:37');
INSERT INTO "TTABLEOTHERTEST2"("ID", "VALUE1", "VALUE2", "VALUE3", "WEIGHT", "LAST_UPDATED") VALUES (69, 'Something70', 'test', 'test70', 14.5, '02-01-2018 23:45:37');
INSERT INTO "TTABLEOTHERTEST2"("ID", "VALUE1", "VALUE2", "VALUE3", "WEIGHT", "LAST_UPDATED") VALUES (70, 'Something71', 'test', 'test71', 14.5, '02-01-2018 23:45:37');
INSERT INTO "TTABLEOTHERTEST2"("ID", "VALUE1", "VALUE2", "VALUE3", "WEIGHT", "LAST_UPDATED") VALUES (71, 'Something72', 'test', 'test72', 14.5, '02-01-2018 23:45:37');
INSERT INTO "TTABLEOTHERTEST2"("ID", "VALUE1", "VALUE2", "VALUE3", "WEIGHT", "LAST_UPDATED") VALUES (72, 'Something73', 'test', 'test73', 14.5, '02-01-2018 23:45:37');
INSERT INTO "TTABLEOTHERTEST2"("ID", "VALUE1", "VALUE2", "VALUE3", "WEIGHT", "LAST_UPDATED") VALUES (73, 'Something74', 'test', 'test74', 14.5, '02-01-2018 23:45:37');
INSERT INTO "TTABLEOTHERTEST2"("ID", "VALUE1", "VALUE2", "VALUE3", "WEIGHT", "LAST_UPDATED") VALUES (74, 'Something75', 'test', 'test75', 14.5, '02-01-2018 23:45:37');
INSERT INTO "TTABLEOTHERTEST2"("ID", "VALUE1", "VALUE2", "VALUE3", "WEIGHT", "LAST_UPDATED") VALUES (75, 'Something76', 'test', 'test76', 14.5, '02-01-2018 23:45:37');
INSERT INTO "TTABLEOTHERTEST2"("ID", "VALUE1", "VALUE2", "VALUE3", "WEIGHT", "LAST_UPDATED") VALUES (76, 'Something77', 'test', 'test77', 14.5, '02-01-2018 23:45:37');
INSERT INTO "TTABLEOTHERTEST2"("ID", "VALUE1", "VALUE2", "VALUE3", "WEIGHT", "LAST_UPDATED") VALUES (77, 'Something78', 'test', 'test78', 14.5, '02-01-2018 23:45:37');
INSERT INTO "TTABLEOTHERTEST2"("ID", "VALUE1", "VALUE2", "VALUE3", "WEIGHT", "LAST_UPDATED") VALUES (78, 'Something79', 'test', 'test79', 14.5, '02-01-2018 23:45:37');
INSERT INTO "TTABLEOTHERTEST2"("ID", "VALUE1", "VALUE2", "VALUE3", "WEIGHT", "LAST_UPDATED") VALUES (79, 'Something80', 'test', 'test80', 14.5, '02-01-2018 23:45:37');
INSERT INTO "TTABLEOTHERTEST2"("ID", "VALUE1", "VALUE2", "VALUE3", "WEIGHT", "LAST_UPDATED") VALUES (80, 'Something81', 'test', 'test81', 14.5, '02-01-2018 23:45:37');
INSERT INTO "TTABLEOTHERTEST2"("ID", "VALUE1", "VALUE2", "VALUE3", "WEIGHT", "LAST_UPDATED") VALUES (81, 'Something82', 'test', 'test82', 14.5, '02-01-2018 23:45:37');
INSERT INTO "TTABLEOTHERTEST2"("ID", "VALUE1", "VALUE2", "VALUE3", "WEIGHT", "LAST_UPDATED") VALUES (82, 'Something83', 'test', 'test83', 14.5, '02-01-2018 23:45:37');
INSERT INTO "TTABLEOTHERTEST2"("ID", "VALUE1", "VALUE2", "VALUE3", "WEIGHT", "LAST_UPDATED") VALUES (83, 'Something84', 'test', 'test84', 14.5, '02-01-2018 23:45:37');
INSERT INTO "TTABLEOTHERTEST2"("ID", "VALUE1", "VALUE2", "VALUE3", "WEIGHT", "LAST_UPDATED") VALUES (84, 'Something85', 'test', 'test85', 14.5, '02-01-2018 23:45:37');
INSERT INTO "TTABLEOTHERTEST2"("ID", "VALUE1", "VALUE2", "VALUE3", "WEIGHT", "LAST_UPDATED") VALUES (85, 'Something86', 'test', 'test86', 14.5, '02-01-2018 23:45:37');
INSERT INTO "TTABLEOTHERTEST2"("ID", "VALUE1", "VALUE2", "VALUE3", "WEIGHT", "LAST_UPDATED") VALUES (86, 'Something87', 'test', 'test87', 14.5, '02-01-2018 23:45:37');
INSERT INTO "TTABLEOTHERTEST2"("ID", "VALUE1", "VALUE2", "VALUE3", "WEIGHT", "LAST_UPDATED") VALUES (87, 'Something88', 'test', 'test88', 14.5, '02-01-2018 23:45:37');
INSERT INTO "TTABLEOTHERTEST2"("ID", "VALUE1", "VALUE2", "VALUE3", "WEIGHT", "LAST_UPDATED") VALUES (88, 'Something89', 'test', 'test89', 14.5, '02-01-2018 23:45:37');
INSERT INTO "TTABLEOTHERTEST2"("ID", "VALUE1", "VALUE2", "VALUE3", "WEIGHT", "LAST_UPDATED") VALUES (89, 'Something90', 'test', 'test90', 14.5, '02-01-2018 23:45:37');
INSERT INTO "TTABLEOTHERTEST2"("ID", "VALUE1", "VALUE2", "VALUE3", "WEIGHT", "LAST_UPDATED") VALUES (90, 'Something91', 'test', 'test91', 14.5, '02-01-2018 23:45:37');
INSERT INTO "TTABLEOTHERTEST2"("ID", "VALUE1", "VALUE2", "VALUE3", "WEIGHT", "LAST_UPDATED") VALUES (91, 'Something92', 'test', 'test92', 14.5, '02-01-2018 23:45:37');
INSERT INTO "TTABLEOTHERTEST2"("ID", "VALUE1", "VALUE2", "VALUE3", "WEIGHT", "LAST_UPDATED") VALUES (92, 'Something93', 'test', 'test93', 14.5, '02-01-2018 23:45:37');
INSERT INTO "TTABLEOTHERTEST2"("ID", "VALUE1", "VALUE2", "VALUE3", "WEIGHT", "LAST_UPDATED") VALUES (93, 'Something94', 'test', 'test94', 14.5, '02-01-2018 23:45:37');
INSERT INTO "TTABLEOTHERTEST2"("ID", "VALUE1", "VALUE2", "VALUE3", "WEIGHT", "LAST_UPDATED") VALUES (94, 'Something95', 'test', 'test95', 14.5, '02-01-2018 23:45:37');
INSERT INTO "TTABLEOTHERTEST2"("ID", "VALUE1", "VALUE2", "VALUE3", "WEIGHT", "LAST_UPDATED") VALUES (95, 'Something96', 'test', 'test96', 14.5, '02-01-2018 23:45:37');
INSERT INTO "TTABLEOTHERTEST2"("ID", "VALUE1", "VALUE2", "VALUE3", "WEIGHT", "LAST_UPDATED") VALUES (96, 'Something97', 'test', 'test97', 14.5, '02-01-2018 23:45:37');
INSERT INTO "TTABLEOTHERTEST2"("ID", "VALUE1", "VALUE2", "VALUE3", "WEIGHT", "LAST_UPDATED") VALUES (97, 'Something98', 'test', 'test98', 14.5, '02-01-2018 23:45:37');
INSERT INTO "TTABLEOTHERTEST2"("ID", "VALUE1", "VALUE2", "VALUE3", "WEIGHT", "LAST_UPDATED") VALUES (98, 'Something99', 'test', 'test99', 14.5, '02-01-2018 23:45:37');
INSERT INTO "TTABLEOTHERTEST2"("ID", "VALUE1", "VALUE2", "VALUE3", "WEIGHT", "LAST_UPDATED") VALUES (99, 'Something100', 'test', 'test100', 14.5, '02-01-2018 23:45:37');
INSERT INTO "TTABLEOTHERTEST2"("ID", "VALUE1", "VALUE2", "VALUE3", "WEIGHT", "LAST_UPDATED") VALUES (100, 'Something101', 'test', 'test101', 14.5, '02-01-2018 23:45:37');
INSERT INTO "TTABLEOTHERTEST2"("ID", "VALUE1", "VALUE2", "VALUE3", "WEIGHT", "LAST_UPDATED") VALUES (101, 'Something102', 'test', 'test102', 14.5, '02-01-2018 23:45:37');
INSERT INTO "TTABLEOTHERTEST2"("ID", "VALUE1", "VALUE2", "VALUE3", "WEIGHT", "LAST_UPDATED") VALUES (102, 'Something103', 'test', 'test103', 14.5, '02-01-2018 23:45:37');
INSERT INTO "TTABLEOTHERTEST2"("ID", "VALUE1", "VALUE2", "VALUE3", "WEIGHT", "LAST_UPDATED") VALUES (103, 'Something104', 'test', 'test104', 14.5, '02-01-2018 23:45:37');
INSERT INTO "TTABLEOTHERTEST2"("ID", "VALUE1", "VALUE2", "VALUE3", "WEIGHT", "LAST_UPDATED") VALUES (104, 'Something105', 'test', 'test105', 14.5, '02-01-2018 23:45:37');
INSERT INTO "TTABLEOTHERTEST2"("ID", "VALUE1", "VALUE2", "VALUE3", "WEIGHT", "LAST_UPDATED") VALUES (105, 'Something106', 'test', 'test106', 14.5, '02-01-2018 23:45:37');
INSERT INTO "TTABLEOTHERTEST2"("ID", "VALUE1", "VALUE2", "VALUE3", "WEIGHT", "LAST_UPDATED") VALUES (106, 'Something107', 'test', 'test107', 14.5, '02-01-2018 23:45:37');
INSERT INTO "TTABLEOTHERTEST2"("ID", "VALUE1", "VALUE2", "VALUE3", "WEIGHT", "LAST_UPDATED") VALUES (107, 'Something108', 'test', 'test108', 14.5, '02-01-2018 23:45:37');
INSERT INTO "TTABLEOTHERTEST2"("ID", "VALUE1", "VALUE2", "VALUE3", "WEIGHT", "LAST_UPDATED") VALUES (108, 'Something109', 'test', 'test109', 14.5, '02-01-2018 23:45:37');
INSERT INTO "TTABLEOTHERTEST2"("ID", "VALUE1", "VALUE2", "VALUE3", "WEIGHT", "LAST_UPDATED") VALUES (109, 'Something110', 'test', 'test110', 14.5, '02-01-2018 23:45:37');
INSERT INTO "TTABLEOTHERTEST2"("ID", "VALUE1", "VALUE2", "VALUE3", "WEIGHT", "LAST_UPDATED") VALUES (110, 'Something111', 'test', 'test111', 14.5, '02-01-2018 23:45:37');
INSERT INTO "TTABLEOTHERTEST2"("ID", "VALUE1", "VALUE2", "VALUE3", "WEIGHT", "LAST_UPDATED") VALUES (111, 'Something112', 'test', 'test112', 14.5, '02-01-2018 23:45:37');
INSERT INTO "TTABLEOTHERTEST2"("ID", "VALUE1", "VALUE2", "VALUE3", "WEIGHT", "LAST_UPDATED") VALUES (112, 'Something113', 'test', 'test113', 14.5, '02-01-2018 23:45:37');
INSERT INTO "TTABLEOTHERTEST2"("ID", "VALUE1", "VALUE2", "VALUE3", "WEIGHT", "LAST_UPDATED") VALUES (113, 'Something114', 'test', 'test114', 14.5, '02-01-2018 23:45:37');
INSERT INTO "TTABLEOTHERTEST2"("ID", "VALUE1", "VALUE2", "VALUE3", "WEIGHT", "LAST_UPDATED") VALUES (114, 'Something115', 'test', 'test115', 14.5, '02-01-2018 23:45:37');
INSERT INTO "TTABLEOTHERTEST2"("ID", "VALUE1", "VALUE2", "VALUE3", "WEIGHT", "LAST_UPDATED") VALUES (115, 'Something116', 'test', 'test116', 14.5, '02-01-2018 23:45:37');
INSERT INTO "TTABLEOTHERTEST2"("ID", "VALUE1", "VALUE2", "VALUE3", "WEIGHT", "LAST_UPDATED") VALUES (116, 'Something117', 'test', 'test117', 14.5, '02-01-2018 23:45:37');
INSERT INTO "TTABLEOTHERTEST2"("ID", "VALUE1", "VALUE2", "VALUE3", "WEIGHT", "LAST_UPDATED") VALUES (117, 'Something118', 'test', 'test118', 14.5, '02-01-2018 23:45:37');
INSERT INTO "TTABLEOTHERTEST2"("ID", "VALUE1", "VALUE2", "VALUE3", "WEIGHT", "LAST_UPDATED") VALUES (118, 'Something119', 'test', 'test119', 14.5, '02-01-2018 23:45:37');
                                                                                                     

INSERT INTO "TCATEGORYMATERIEL"("ID", "NOM", "DETAIL") VALUES (1, 'Compteur', 'Type de compteur standard');
INSERT INTO "TCATEGORYMATERIEL"("ID", "NOM", "DETAIL") VALUES (2, 'Pylone', 'Gros pylone HT');
INSERT INTO "TCATEGORYMATERIEL"("ID", "NOM", "DETAIL") VALUES (3, 'Box', 'Catégorie de box');
INSERT INTO "TCATEGORYMATERIEL"("ID", "NOM", "DETAIL") VALUES (4, 'Antenne', 'Catégorie pour les antennes');
INSERT INTO "TCATEGORYMATERIEL"("ID", "NOM", "DETAIL") VALUES (5, 'Centrale', 'Centrale électrique');
INSERT INTO "TCATEGORYMATERIEL"("ID", "NOM", "DETAIL") VALUES (6, 'Raccord', 'Raccordement');


INSERT INTO "TTYPEMATERIEL"("ID", "TYPE", "SERIE", "CATID") VALUES (1, 'Compteur lynki vert', 'L009887321', 1);
INSERT INTO "TTYPEMATERIEL"("ID", "TYPE", "SERIE", "CATID") VALUES (2, 'Compteur schneider blanc', 'SCH09887131', 1);
INSERT INTO "TTYPEMATERIEL"("ID", "TYPE", "SERIE", "CATID") VALUES (3, 'Compteur chinois chipou', 'HK-0001', 1);
INSERT INTO "TTYPEMATERIEL"("ID", "TYPE", "SERIE", "CATID") VALUES (4, 'Parc éolien', '099922', 5);
INSERT INTO "TTYPEMATERIEL"("ID", "TYPE", "SERIE", "CATID") VALUES (5, 'Central à charbon autrichienne', '0CHARBO', 5);
INSERT INTO "TTYPEMATERIEL"("ID", "TYPE", "SERIE", "CATID") VALUES (6, 'Freebox', 'FREE001', 3);
INSERT INTO "TTYPEMATERIEL"("ID", "TYPE", "SERIE", "CATID") VALUES (7, 'Livebox', 'ORANGE001', 3);
INSERT INTO "TTYPEMATERIEL"("ID", "TYPE", "SERIE", "CATID") VALUES (8, 'Compteur lynki bleu', 'L009887381', 1);
INSERT INTO "TTYPEMATERIEL"("ID", "TYPE", "SERIE", "CATID") VALUES (9, 'Compteur schneider mauve', 'SCH0988221', 1);
INSERT INTO "TTYPEMATERIEL"("ID", "TYPE", "SERIE", "CATID") VALUES (10, 'Ancien MGE', 'MGE5566', 1);
INSERT INTO "TTYPEMATERIEL"("ID", "TYPE", "SERIE", "CATID") VALUES (11, 'Central au fioul', '099555', 5);
INSERT INTO "TTYPEMATERIEL"("ID", "TYPE", "SERIE", "CATID") VALUES (12, 'Central nucléaire', 'ALSTOM001', 5);
INSERT INTO "TTYPEMATERIEL"("ID", "TYPE", "SERIE", "CATID") VALUES (13, 'SagemCom', 'SSDD001', 3);
INSERT INTO "TTYPEMATERIEL"("ID", "TYPE", "SERIE", "CATID") VALUES (14, 'BBox', 'BBB001', 3);
INSERT INTO "TTYPEMATERIEL"("ID", "TYPE", "SERIE", "CATID") VALUES (15, 'Antenne droite', '011', 4);
INSERT INTO "TTYPEMATERIEL"("ID", "TYPE", "SERIE", "CATID") VALUES (16, 'Pylone A', 'AAAP', 2);
INSERT INTO "TTYPEMATERIEL"("ID", "TYPE", "SERIE", "CATID") VALUES (17, 'Pylone B', 'BBBP', 2);
INSERT INTO "TTYPEMATERIEL"("ID", "TYPE", "SERIE", "CATID") VALUES (18, 'Pylone C', 'CCCP', 2);
INSERT INTO "TTYPEMATERIEL"("ID", "TYPE", "SERIE", "CATID") VALUES (19, 'Pylone D', 'DDDP', 2);
INSERT INTO "TTYPEMATERIEL"("ID", "TYPE", "SERIE", "CATID") VALUES (20, 'Pylone E', 'EEEP', 2);
INSERT INTO "TTYPEMATERIEL"("ID", "TYPE", "SERIE", "CATID") VALUES (21, 'Pylone F', 'FFFP', 2);
INSERT INTO "TTYPEMATERIEL"("ID", "TYPE", "SERIE", "CATID") VALUES (22, 'Pylone G', 'GGGP', 2);
INSERT INTO "TTYPEMATERIEL"("ID", "TYPE", "SERIE", "CATID") VALUES (23, 'Pylone H', 'HHHP', 2);
INSERT INTO "TTYPEMATERIEL"("ID", "TYPE", "SERIE", "CATID") VALUES (24, 'Pylone I', 'IIIP', 2);
INSERT INTO "TTYPEMATERIEL"("ID", "TYPE", "SERIE", "CATID") VALUES (25, 'Pylone J', 'JJJP', 2);
INSERT INTO "TTYPEMATERIEL"("ID", "TYPE", "SERIE", "CATID") VALUES (26, 'Pylone K', 'KKKP', 2);
INSERT INTO "TTYPEMATERIEL"("ID", "TYPE", "SERIE", "CATID") VALUES (27, 'Pylone L', 'LLLP', 2);
INSERT INTO "TTYPEMATERIEL"("ID", "TYPE", "SERIE", "CATID") VALUES (28, 'Pylone M', 'MMMP', 2);
INSERT INTO "TTYPEMATERIEL"("ID", "TYPE", "SERIE", "CATID") VALUES (29, 'Pylone N', 'NNNP', 2);
INSERT INTO "TTYPEMATERIEL"("ID", "TYPE", "SERIE", "CATID") VALUES (30, 'Pylone O', 'OOOP', 2);
INSERT INTO "TTYPEMATERIEL"("ID", "TYPE", "SERIE", "CATID") VALUES (31, 'Pylone P', 'PPPP', 2);
INSERT INTO "TTYPEMATERIEL"("ID", "TYPE", "SERIE", "CATID") VALUES (32, 'Pylone Q', 'QQQP', 2);
INSERT INTO "TTYPEMATERIEL"("ID", "TYPE", "SERIE", "CATID") VALUES (33, 'Pylone R', 'RRRP', 2);


INSERT INTO "TTABLEOTHER"("ID", "VALUE", "COUNT", "WHEN", "TYPEID") VALUES (1, 'Lynki_AAA', 45, '02-01-2018 23:42:32', 1);
INSERT INTO "TTABLEOTHER"("ID", "VALUE", "COUNT", "WHEN", "TYPEID") VALUES (2, 'Lynki_BBB', 33, '02-01-2018 23:42:32', 1);
INSERT INTO "TTABLEOTHER"("ID", "VALUE", "COUNT", "WHEN", "TYPEID") VALUES (3, 'Lynki_CCC', 2, '02-01-2018 23:42:32', 1);
INSERT INTO "TTABLEOTHER"("ID", "VALUE", "COUNT", "WHEN", "TYPEID") VALUES (4, 'SchneiderAAA', 209, '02-01-2018 23:42:32', 2);
INSERT INTO "TTABLEOTHER"("ID", "VALUE", "COUNT", "WHEN", "TYPEID") VALUES (5, 'SchneiderBBB', 231, '02-01-2018 23:42:32', 2);
INSERT INTO "TTABLEOTHER"("ID", "VALUE", "COUNT", "WHEN", "TYPEID") VALUES (6, 'SchneiderCCC', 232, '02-01-2018 23:42:32', 2);
INSERT INTO "TTABLEOTHER"("ID", "VALUE", "COUNT", "WHEN", "TYPEID") VALUES (7, 'SchneiderDDD', 233, '02-01-2018 23:42:32', 2);
INSERT INTO "TTABLEOTHER"("ID", "VALUE", "COUNT", "WHEN", "TYPEID") VALUES (8, 'SchneiderEEE', 234, '02-01-2018 23:42:32', 2);
INSERT INTO "TTABLEOTHER"("ID", "VALUE", "COUNT", "WHEN", "TYPEID") VALUES (9, 'SchneiderFFF', 235, '02-01-2018 23:42:32', 2);
INSERT INTO "TTABLEOTHER"("ID", "VALUE", "COUNT", "WHEN", "TYPEID") VALUES (10, 'SchneiderGGG', 236, '02-01-2018 23:42:32', 2);
INSERT INTO "TTABLEOTHER"("ID", "VALUE", "COUNT", "WHEN", "TYPEID") VALUES (11, 'SchneiderHHH', 237, '02-01-2018 23:42:32', 2);
INSERT INTO "TTABLEOTHER"("ID", "VALUE", "COUNT", "WHEN", "TYPEID") VALUES (12, 'SchneiderIII', 238, '02-01-2018 23:42:32', 2);
INSERT INTO "TTABLEOTHER"("ID", "VALUE", "COUNT", "WHEN", "TYPEID") VALUES (13, 'SchneiderJJJ', 239, '02-01-2018 23:42:32', 2);
INSERT INTO "TTABLEOTHER"("ID", "VALUE", "COUNT", "WHEN", "TYPEID") VALUES (14, 'SchneiderKKK', 240, '02-01-2018 23:42:32', 2);
INSERT INTO "TTABLEOTHER"("ID", "VALUE", "COUNT", "WHEN", "TYPEID") VALUES (15, 'SchneiderLLL', 241, '02-01-2018 23:42:32', 2);
INSERT INTO "TTABLEOTHER"("ID", "VALUE", "COUNT", "WHEN", "TYPEID") VALUES (16, 'SchneiderMMM', 242, '02-01-2018 23:42:32', 2);
INSERT INTO "TTABLEOTHER"("ID", "VALUE", "COUNT", "WHEN", "TYPEID") VALUES (17, 'SchneiderNNN', 243, '02-01-2018 23:42:32', 2);
INSERT INTO "TTABLEOTHER"("ID", "VALUE", "COUNT", "WHEN", "TYPEID") VALUES (18, 'SchneiderOOO', 244, '02-01-2018 23:42:32', 2);
INSERT INTO "TTABLEOTHER"("ID", "VALUE", "COUNT", "WHEN", "TYPEID") VALUES (19, 'SchneiderPPP', 245, '02-01-2018 23:42:32', 2);
INSERT INTO "TTABLEOTHER"("ID", "VALUE", "COUNT", "WHEN", "TYPEID") VALUES (20, 'SchneiderQQQ', 246, '02-01-2018 23:42:32', 2);
INSERT INTO "TTABLEOTHER"("ID", "VALUE", "COUNT", "WHEN", "TYPEID") VALUES (21, 'SchneiderRRR', 247, '02-01-2018 23:42:32', 2);

INSERT INTO "TMODELE"("ID", "CODE_SERIE", "CREATE_DATE", "FABRICANT", "DESCRIPTION", "BINARY_VALUE", "TYPEID", "ACTIF") VALUES (1, 'ABB0001', '02-01-2018 23:42:32', 'DUPON', 'Un modèle de test - 1', '0123456789ABCDEF0123456789ABCDEF1', 1, 1);
INSERT INTO "TMODELE"("ID", "CODE_SERIE", "CREATE_DATE", "FABRICANT", "DESCRIPTION", "BINARY_VALUE", "TYPEID", "ACTIF") VALUES (2, 'ABB0002', '02-01-2018 23:42:33', 'DUPON', 'Un modèle de test - 2', '0123456789ABCDEF0123456789ABCDEF2', 2, 1);
INSERT INTO "TMODELE"("ID", "CODE_SERIE", "CREATE_DATE", "FABRICANT", "DESCRIPTION", "BINARY_VALUE", "TYPEID", "ACTIF") VALUES (3, 'ABB0003', '02-01-2018 23:42:34', 'DUPON', 'Un modèle de test - 3', '0123456789ABCDEF0123456789ABCDEF3', 3, 1);
