-- Script de préparation de la BDD demo (schéma public) - ORACLE 18.2

DROP TABLE "TTABLEOTHER";
DROP TABLE "TMODELE";
DROP TABLE "TTYPEMATERIEL";
DROP TABLE "TCATEGORYMATERIEL";
DROP TABLE "TTABLEOTHERTEST2";
DROP TABLE "NOT_USED";
DROP TABLE "ADVANCED_COLS";
DROP TABLE "TDEMO_VERSION";
DROP TABLE "TAPPLICATIONINFO";
DROP TABLE "TM_USR_DEST_ONE";
DROP TABLE "TM_USR_DEST_TWO";
DROP TABLE "TMAPPING_USER_ONE";
DROP TABLE "TMAPPING_DEST_ONE";
DROP TABLE "TMAP_SUB_ITEM";
DROP TABLE "TMAPPING_USER_TWO";
DROP TABLE "TMAPPING_DEST_TWO";
DROP TABLE "TREFERENCE";
DROP TABLE "TCONSUMER";
DROP TABLE "TFIRST";
DROP TABLE "TSECOND";

CREATE TABLE "TFIRST" (
    "ID" NUMBER(19,0) GENERATED BY DEFAULT ON NULL AS IDENTITY,
	"NOM" VARCHAR2(256 BYTE) NOT NULL,
	"DETAIL" VARCHAR2(256 BYTE) NOT NULL,
	CONSTRAINT "TFIRST_PK" PRIMARY KEY ("ID") USING INDEX ENABLE
) TABLESPACE "USERS" ;

CREATE TABLE "TSECOND" (
    "ID" NUMBER(19,0) GENERATED BY DEFAULT ON NULL AS IDENTITY,
    "VALUE" VARCHAR2(256 BYTE) NOT NULL,
    "OTHER_VALUE" VARCHAR2(256 BYTE),
    "FIRST_ID" NUMBER NOT NULL,
    CONSTRAINT "TSECOND_PK" PRIMARY KEY ("ID") USING INDEX ENABLE,
    CONSTRAINT "TFIRST_TYPE" FOREIGN KEY ("FIRST_ID") REFERENCES "TFIRST" ("ID")
) TABLESPACE "USERS" ;

CREATE TABLE "TREFERENCE" (
	"KEY" VARCHAR2(256 BYTE) NOT NULL,
	"NAME" VARCHAR2(256 BYTE) NOT NULL,
	"DETAIL" VARCHAR2(256 BYTE) NOT NULL,
    CONSTRAINT "TREFERENCE_KEY" PRIMARY KEY ("KEY") ENABLE
) TABLESPACE "USERS" ;

CREATE TABLE "TCONSUMER" (
	"ID" NUMBER(19,0) GENERATED BY DEFAULT ON NULL AS IDENTITY,
	"CODE" VARCHAR2(256 BYTE) NOT NULL,
	"VALUE" VARCHAR2(256 BYTE) NOT NULL,
	"VALUE_OTHER" VARCHAR2(256 BYTE) NOT NULL,
	"REFERENCE_KEY" VARCHAR2(256 BYTE) NOT NULL,
    CONSTRAINT "TCONSUMER_pkey" PRIMARY KEY ("ID")
) TABLESPACE "USERS" ;

CREATE TABLE "TMAPPING_USER_ONE" (
	"ID" NUMBER(19,0) GENERATED BY DEFAULT ON NULL AS IDENTITY,
	"NAME" VARCHAR2(256 BYTE) NOT NULL,
	"DETAILS" VARCHAR2(256 BYTE) NOT NULL,
	CONSTRAINT "TMAPPING_USER_ONE_PK" PRIMARY KEY ("ID") USING INDEX ENABLE
) TABLESPACE "USERS" ;

CREATE TABLE "TMAPPING_USER_TWO" (
	"ID" NUMBER(19,0) GENERATED BY DEFAULT ON NULL AS IDENTITY,
	"BIZ_KEY" NUMBER(19,0) NOT NULL,
	"VALUE" VARCHAR2(256 BYTE) NOT NULL,
	"DETAILS" VARCHAR2(256 BYTE) NOT NULL,
	CONSTRAINT "TMAPPING_USER_TWO_PK" PRIMARY KEY ("ID") USING INDEX ENABLE
) TABLESPACE "USERS" ;

CREATE TABLE "TMAP_SUB_ITEM" (
	"ID" NUMBER(19,0) GENERATED BY DEFAULT ON NULL AS IDENTITY,
	"ELEMENT_CODE" NUMBER(19,0) NOT NULL,
	"ELEMENT_VALUE" VARCHAR2(256 BYTE) NOT NULL,
	"DETAILS" VARCHAR2(256 BYTE) NOT NULL,
	CONSTRAINT "TMAP_SUB_ITEM_PK" PRIMARY KEY ("ID") USING INDEX ENABLE
) TABLESPACE "USERS" ;

CREATE TABLE "TMAPPING_DEST_ONE" (
    "ID" NUMBER(19,0) GENERATED BY DEFAULT ON NULL AS IDENTITY,
    "CODE" VARCHAR2(256 BYTE) NOT NULL,
    "TYPE" VARCHAR2(256 BYTE),
    "SUBITEM_ID" NUMBER NOT NULL,
    CONSTRAINT "TMAPPING_DEST_ONE_PK" PRIMARY KEY ("ID") USING INDEX ENABLE,
    CONSTRAINT "TMAPPING_DEST_ONE_SUBITEM_ID" FOREIGN KEY ("SUBITEM_ID") REFERENCES "TMAP_SUB_ITEM" ("ID")
) TABLESPACE "USERS" ;

CREATE TABLE "TMAPPING_DEST_TWO" (
    "ID" NUMBER(19,0) GENERATED BY DEFAULT ON NULL AS IDENTITY,
    "NAME" VARCHAR2(256 BYTE),
    CONSTRAINT "TMAPPING_DEST_TWO_PK" PRIMARY KEY ("ID") USING INDEX ENABLE
) TABLESPACE "USERS" ;

CREATE TABLE "TM_USR_DEST_ONE" (
	"USR_ID" NUMBER(19,0) NOT NULL,
	"DEST_ID" NUMBER(19,0) NOT NULL,
	CONSTRAINT "TM_USR_DEST_ONE" PRIMARY KEY ("USR_ID", "DEST_ID") USING INDEX ENABLE,
    CONSTRAINT "TM_USR_DEST_ONE_USR_ID" FOREIGN KEY ("USR_ID") REFERENCES "TMAPPING_USER_ONE" ("ID") ,
    CONSTRAINT "TM_USR_DEST_ONE_DEST_ID" FOREIGN KEY ("DEST_ID") REFERENCES "TMAPPING_DEST_ONE" ("ID")
) TABLESPACE "USERS" ;

CREATE TABLE "TM_USR_DEST_TWO" (
	"USR_BIZ_KEY" NUMBER(19,0) NOT NULL,
	"DEST_ID" NUMBER(19,0) NOT NULL,
	CONSTRAINT "TM_USR_DEST_TWO_PK" PRIMARY KEY ("USR_BIZ_KEY", "DEST_ID") USING INDEX ENABLE,
    CONSTRAINT "TM_USR_DEST_TWO_DEST_ID" FOREIGN KEY ("DEST_ID") REFERENCES "TMAPPING_DEST_TWO" ("ID")
) TABLESPACE "USERS" ;


CREATE TABLE "TAPPLICATIONINFO" (
    "ID" VARCHAR2(25 BYTE),
	"MODEAPPLICATION" NUMBER(2,0),
	"ACTEURCREATION" VARCHAR2(50 BYTE),
	"DATEMODIFICATION" TIMESTAMP (3),
	"ACTEURMODIFICATION" VARCHAR2(50 BYTE),
	"DATECREATION" TIMESTAMP (3),
	"MAJPARAMETRAGEMETIER" NUMBER(1,0),
	"VERSION" VARCHAR2(80 BYTE),
	"PROJET" VARCHAR2(80 BYTE),
	"SITE" VARCHAR2(80 BYTE),
	"AFFICHERMESSAGE" NUMBER(1,0),
	"MESSAGEINFO" VARCHAR2(250 BYTE)
) TABLESPACE "USERS" ;

CREATE UNIQUE INDEX "PK_TAPPLICATIONINFO" ON "TAPPLICATIONINFO" ("ID")
  PCTFREE 10 INITRANS 2 MAXTRANS 255 COMPUTE STATISTICS
  STORAGE(INITIAL 65536 NEXT 1048576 MINEXTENTS 1 MAXEXTENTS 2147483645
  PCTINCREASE 0 FREELISTS 1 FREELIST GROUPS 1
  BUFFER_POOL DEFAULT FLASH_CACHE DEFAULT CELL_FLASH_CACHE DEFAULT);


ALTER TABLE "TAPPLICATIONINFO" ADD CONSTRAINT "PK_TAPPLICATIONINFO" PRIMARY KEY ("ID")
  USING INDEX PCTFREE 10 INITRANS 2 MAXTRANS 255 COMPUTE STATISTICS
  STORAGE(INITIAL 65536 NEXT 1048576 MINEXTENTS 1 MAXEXTENTS 2147483645
  PCTINCREASE 0 FREELISTS 1 FREELIST GROUPS 1
  BUFFER_POOL DEFAULT FLASH_CACHE DEFAULT CELL_FLASH_CACHE DEFAULT);

CREATE TABLE "TDEMO_VERSION" (
    "ID" NUMBER(19,0) GENERATED BY DEFAULT ON NULL AS IDENTITY,
	"VERSION" VARCHAR2(256 BYTE) NOT NULL,
    "UPDATE_TIME" TIMESTAMP,
	"DETAIL" VARCHAR2(256 BYTE) NOT NULL,
    CONSTRAINT "TDEMO_VERSION_pkey" PRIMARY KEY ("ID")
) TABLESPACE "USERS" ;

CREATE TABLE "TCATEGORYMATERIEL" (
    "ID" NUMBER(19,0) GENERATED BY DEFAULT ON NULL AS IDENTITY,
	"NOM" VARCHAR2(256 BYTE) NOT NULL,
	"DETAIL" VARCHAR2(256 BYTE) NOT NULL,
	CONSTRAINT "TCATEGORYMATERIEL_PK" PRIMARY KEY ("ID") USING INDEX ENABLE
) TABLESPACE "USERS" ;

CREATE TABLE "TTYPEMATERIEL" (
    "ID" NUMBER(19,0) GENERATED BY DEFAULT ON NULL AS IDENTITY,
    "TYPE" VARCHAR2(256 BYTE) NOT NULL,
    "SERIE" VARCHAR2(256 BYTE),
    "CATID" NUMBER NOT NULL,
    CONSTRAINT "TTYPEMATERIEL_PK" PRIMARY KEY ("ID") USING INDEX ENABLE,
    CONSTRAINT "CAT_TYPE" FOREIGN KEY ("CATID") REFERENCES "TCATEGORYMATERIEL" ("ID")
) TABLESPACE "USERS" ;

CREATE TABLE "TTABLEOTHER" (
    "ID" NUMBER(19,0) GENERATED BY DEFAULT ON NULL AS IDENTITY,
    "VALUE" VARCHAR2(256 BYTE) NOT NULL,
    "COUNT" NUMBER,
    "WHEN" TIMESTAMP,
    "TYPEID" NUMBER NOT NULL,
    CONSTRAINT "TTABLEOTHER_pkey" PRIMARY KEY ("ID"),
    CONSTRAINT "TYPE_OTHE" FOREIGN KEY ("TYPEID") REFERENCES "TTYPEMATERIEL" ("ID")
) TABLESPACE "USERS" ;

CREATE TABLE "TTABLEOTHERTEST2" (
    "ID" NUMBER(19,0) GENERATED BY DEFAULT ON NULL AS IDENTITY,
    "VALUE1" VARCHAR2(256 BYTE) NOT NULL,
    "VALUE2" VARCHAR2(256 BYTE) NOT NULL,
    "VALUE3" VARCHAR2(256 BYTE) NOT NULL,
    "WEIGHT" FLOAT,
    "LAST_UPDATED" TIMESTAMP,
    CONSTRAINT "TTABLEOTHERTEST2_pkey" PRIMARY KEY ("ID")
) TABLESPACE "USERS" ;

CREATE TABLE "TMODELE" (
    "ID" NUMBER(19,0) GENERATED BY DEFAULT ON NULL AS IDENTITY,
    "CODE_SERIE" VARCHAR2(128 BYTE) NOT NULL,
    "CREATE_DATE" TIMESTAMP,
    "FABRICANT" VARCHAR2(256 BYTE) NOT NULL,
    "DESCRIPTION" VARCHAR2(1024 BYTE) NOT NULL,
    "BINARY_VALUE" BLOB,
    "TYPEID" NUMBER NOT NULL,
    "ACTIF" SMALLINT NOT NULL,
    CONSTRAINT "TMODELE_pkey" PRIMARY KEY ("ID"),
    CONSTRAINT "TYPE_MODE" FOREIGN KEY ("TYPEID") REFERENCES "TTYPEMATERIEL" ("ID")
) TABLESPACE "USERS" ;

CREATE TABLE "NOT_USED" (
    "ID" NUMBER(19,0) GENERATED BY DEFAULT ON NULL AS IDENTITY,
    "VALUE" VARCHAR2(256 BYTE) NOT NULL,
    "WEIGHT" FLOAT,
    "LAST_UPDATED" TIMESTAMP,
    CONSTRAINT "NOT_USED_pkey" PRIMARY KEY ("ID")
) TABLESPACE "USERS" ;

CREATE TABLE "ADVANCED_COLS" (
	"KEY" VARCHAR2(256 BYTE) NOT NULL,
	"NAME" VARCHAR2(256 BYTE) NOT NULL,
   	"CATID" NUMBER NOT NULL,
    "TYPEID" NUMBER NOT NULL,
	"DETAIL" VARCHAR2(256 BYTE) NOT NULL,
    "ACTIF" SMALLINT NOT NULL,
    "BINARY_VALUE" BLOB,
    "CREATE_DATE" TIMESTAMP,
    "UPDATE_DATE" TIMESTAMP,
    CONSTRAINT "ADVANCED_COLS_KEY" PRIMARY KEY ("KEY") ENABLE,
    CONSTRAINT "CAT_ATYPE" FOREIGN KEY ("CATID") REFERENCES "TCATEGORYMATERIEL" ("ID") ,
    CONSTRAINT "TYPE_AMODE" FOREIGN KEY ("TYPEID") REFERENCES "TTYPEMATERIEL" ("ID")
) TABLESPACE "USERS" ;

INSERT INTO "TFIRST"("NOM", "DETAIL") VALUES ('First1', 'Some details 1');
INSERT INTO "TFIRST"("NOM", "DETAIL") VALUES ('First2', 'Some details 2');
INSERT INTO "TFIRST"("NOM", "DETAIL") VALUES ('First3', 'Some details 3');
INSERT INTO "TFIRST"("NOM", "DETAIL") VALUES ('First4', 'Some details 4');

INSERT INTO "TSECOND"("VALUE", "OTHER_VALUE", "FIRST_ID") VALUES ('Second1', 'Some other1', 1);
INSERT INTO "TSECOND"("VALUE", "OTHER_VALUE", "FIRST_ID") VALUES ('Second2', 'Some other2', 2);
INSERT INTO "TSECOND"("VALUE", "OTHER_VALUE", "FIRST_ID") VALUES ('Second3', 'Some other3', 3);
INSERT INTO "TSECOND"("VALUE", "OTHER_VALUE", "FIRST_ID") VALUES ('Second4', 'Some other4', 4);

INSERT INTO "TREFERENCE" VALUES ('REF1', 'Reference Data 1', 'This is a reference value with some long detail which continue over and over and over and over. Lorem ipsum dolor sit amet ...');
INSERT INTO "TREFERENCE" VALUES ('REF2', 'Reference Data 2', 'This is a reference value with some long detail which continue over and over and over and over. Lorem ipsum dolor sit amet. Lorem ipsum dolor sit amet ...');
INSERT INTO "TREFERENCE" VALUES ('REF3', 'Reference Data 3', 'This is a reference value with some long detail which continue over and over and over and over. Lorem ipsum dolor sit amet. Lorem ipsum dolor sit amet Lorem ipsum dolor sit amet ...');
INSERT INTO "TREFERENCE" VALUES ('REF4', 'Reference Data 4', 'This is a reference value with some long detail which continue over and over and over and over. Lorem ipsum dolor sit amet. Lorem ipsum dolor sit amet Lorem ipsum dolor sit amet Lorem ipsum dolor sit amet ...');
INSERT INTO "TREFERENCE" VALUES ('REF5', 'Reference Data 5', 'This is a reference value with some long detail which continue over and over and over and over. Lorem ipsum dolor sit amet. Lorem ipsum dolor sit amet Lorem ipsum dolor sit amet Lorem ipsum dolor sit amet Lorem ipsum dolor sit amet ...');

INSERT INTO "TCONSUMER" ("CODE", "VALUE", "VALUE_OTHER", "REFERENCE_KEY") VALUES ('CONSO_1' , 'Value 1', 'Value Other test', 'REF1');
INSERT INTO "TCONSUMER" ("CODE", "VALUE", "VALUE_OTHER", "REFERENCE_KEY") VALUES ('CONSO_2' , 'Value 1', 'Value Other test', 'REF2');
INSERT INTO "TCONSUMER" ("CODE", "VALUE", "VALUE_OTHER", "REFERENCE_KEY") VALUES ('CONSO_3' , 'Value 1', 'Value Other test', 'REF2');
INSERT INTO "TCONSUMER" ("CODE", "VALUE", "VALUE_OTHER", "REFERENCE_KEY") VALUES ('CONSO_4' , 'Value 1', 'Value Other test', 'REF1');
INSERT INTO "TCONSUMER" ("CODE", "VALUE", "VALUE_OTHER", "REFERENCE_KEY") VALUES ('CONSO_5' , 'Value 1', 'Value Other test', 'REF1');
INSERT INTO "TCONSUMER" ("CODE", "VALUE", "VALUE_OTHER", "REFERENCE_KEY") VALUES ('CONSO_6' , 'Value 1', 'Value Other test', 'REF1');
INSERT INTO "TCONSUMER" ("CODE", "VALUE", "VALUE_OTHER", "REFERENCE_KEY") VALUES ('CONSO_7' , 'Value 1', 'Value Other test', 'REF3');
INSERT INTO "TCONSUMER" ("CODE", "VALUE", "VALUE_OTHER", "REFERENCE_KEY") VALUES ('CONSO_8' , 'Value 1', 'Value Other test', 'REF4');
INSERT INTO "TCONSUMER" ("CODE", "VALUE", "VALUE_OTHER", "REFERENCE_KEY") VALUES ('CONSO_9' , 'Value 1', 'Value Other test', 'REF5');
INSERT INTO "TCONSUMER" ("CODE", "VALUE", "VALUE_OTHER", "REFERENCE_KEY") VALUES ('CONSO_10', 'Value 1', 'Value Other test', 'REF6');
INSERT INTO "TCONSUMER" ("CODE", "VALUE", "VALUE_OTHER", "REFERENCE_KEY") VALUES ('CONSO_11', 'Value 1', 'Value Other test', 'REF6');
INSERT INTO "TCONSUMER" ("CODE", "VALUE", "VALUE_OTHER", "REFERENCE_KEY") VALUES ('CONSO_12', 'Value 1', 'Value Other test', 'REF6');

INSERT INTO "TMAPPING_USER_ONE"("NAME", "DETAILS") VALUES ('User0001', 'Some details 111');
INSERT INTO "TMAPPING_USER_ONE"("NAME", "DETAILS") VALUES ('User0002', 'Some details 222');
INSERT INTO "TMAPPING_USER_ONE"("NAME", "DETAILS") VALUES ('User0003', 'Some details 333');
INSERT INTO "TMAPPING_USER_ONE"("NAME", "DETAILS") VALUES ('User0004', 'Some details 444');
INSERT INTO "TMAPPING_USER_ONE"("NAME", "DETAILS") VALUES ('User0005', 'Some details 555');
INSERT INTO "TMAPPING_USER_ONE"("NAME", "DETAILS") VALUES ('User0006', 'Some details 666');
INSERT INTO "TMAPPING_USER_ONE"("NAME", "DETAILS") VALUES ('User0007', 'Some details 777');
INSERT INTO "TMAPPING_USER_ONE"("NAME", "DETAILS") VALUES ('User0008', 'Some details 888');

INSERT INTO "TMAPPING_USER_TWO"("BIZ_KEY", "VALUE", "DETAILS") VALUES (1111, 'UserTwo0001', 'Some details Two 1111');
INSERT INTO "TMAPPING_USER_TWO"("BIZ_KEY", "VALUE", "DETAILS") VALUES (1211, 'UserTwo0002', 'Some details Two 2222');
INSERT INTO "TMAPPING_USER_TWO"("BIZ_KEY", "VALUE", "DETAILS") VALUES (1311, 'UserTwo0003', 'Some details Two 3333');
INSERT INTO "TMAPPING_USER_TWO"("BIZ_KEY", "VALUE", "DETAILS") VALUES (1411, 'UserTwo0004', 'Some details Two 4444');
INSERT INTO "TMAPPING_USER_TWO"("BIZ_KEY", "VALUE", "DETAILS") VALUES (1511, 'UserTwo0005', 'Some details Two 5555');
INSERT INTO "TMAPPING_USER_TWO"("BIZ_KEY", "VALUE", "DETAILS") VALUES (1611, 'UserTwo0006', 'Some details Two 6666');
INSERT INTO "TMAPPING_USER_TWO"("BIZ_KEY", "VALUE", "DETAILS") VALUES (1711, 'UserTwo0007', 'Some details Two 7777');
INSERT INTO "TMAPPING_USER_TWO"("BIZ_KEY", "VALUE", "DETAILS") VALUES (1811, 'UserTwo0008', 'Some details Two 8888');
INSERT INTO "TMAPPING_USER_TWO"("BIZ_KEY", "VALUE", "DETAILS") VALUES (1911, 'UserTwo0009', 'Some details Two 9999');

INSERT INTO "TMAP_SUB_ITEM"("ELEMENT_CODE", "ELEMENT_VALUE", "DETAILS") VALUES (1, 'Element 0001', 'Some details Element sub - 1111 -');
INSERT INTO "TMAP_SUB_ITEM"("ELEMENT_CODE", "ELEMENT_VALUE", "DETAILS") VALUES (2, 'Element 0002', 'Some details Element sub - 2222 -');
INSERT INTO "TMAP_SUB_ITEM"("ELEMENT_CODE", "ELEMENT_VALUE", "DETAILS") VALUES (3, 'Element 0003', 'Some details Element sub - 3333 -');
INSERT INTO "TMAP_SUB_ITEM"("ELEMENT_CODE", "ELEMENT_VALUE", "DETAILS") VALUES (4, 'Element 0004', 'Some details Element sub - 4444 -');
INSERT INTO "TMAP_SUB_ITEM"("ELEMENT_CODE", "ELEMENT_VALUE", "DETAILS") VALUES (5, 'Element 0005', 'Some details Element sub - 5555 -');
INSERT INTO "TMAP_SUB_ITEM"("ELEMENT_CODE", "ELEMENT_VALUE", "DETAILS") VALUES (6, 'Element 0006', 'Some details Element sub - 6666 -');

INSERT INTO "TMAPPING_DEST_ONE"("CODE", "TYPE", "SUBITEM_ID") VALUES ('A', 'A basic destination A', 1);
INSERT INTO "TMAPPING_DEST_ONE"("CODE", "TYPE", "SUBITEM_ID") VALUES ('B', 'A basic destination B', 1);
INSERT INTO "TMAPPING_DEST_ONE"("CODE", "TYPE", "SUBITEM_ID") VALUES ('C', 'A basic destination C', 2);
INSERT INTO "TMAPPING_DEST_ONE"("CODE", "TYPE", "SUBITEM_ID") VALUES ('D', 'A basic destination D', 2);
INSERT INTO "TMAPPING_DEST_ONE"("CODE", "TYPE", "SUBITEM_ID") VALUES ('E', 'A basic destination E', 3);
INSERT INTO "TMAPPING_DEST_ONE"("CODE", "TYPE", "SUBITEM_ID") VALUES ('F', 'A basic destination F', 4);
INSERT INTO "TMAPPING_DEST_ONE"("CODE", "TYPE", "SUBITEM_ID") VALUES ('G', 'A basic destination G', 4);
INSERT INTO "TMAPPING_DEST_ONE"("CODE", "TYPE", "SUBITEM_ID") VALUES ('H', 'A basic destination H', 5);
INSERT INTO "TMAPPING_DEST_ONE"("CODE", "TYPE", "SUBITEM_ID") VALUES ('I', 'A basic destination I', 6);
INSERT INTO "TMAPPING_DEST_ONE"("CODE", "TYPE", "SUBITEM_ID") VALUES ('J', 'A basic destination J', 1);

INSERT INTO "TMAPPING_DEST_TWO"("NAME") VALUES ('Mapping Dest Two 001');
INSERT INTO "TMAPPING_DEST_TWO"("NAME") VALUES ('Mapping Dest Two 002');
INSERT INTO "TMAPPING_DEST_TWO"("NAME") VALUES ('Mapping Dest Two 003');
INSERT INTO "TMAPPING_DEST_TWO"("NAME") VALUES ('Mapping Dest Two 004');
INSERT INTO "TMAPPING_DEST_TWO"("NAME") VALUES ('Mapping Dest Two 005');
INSERT INTO "TMAPPING_DEST_TWO"("NAME") VALUES ('Mapping Dest Two 006');
INSERT INTO "TMAPPING_DEST_TWO"("NAME") VALUES ('Mapping Dest Two 007');
INSERT INTO "TMAPPING_DEST_TWO"("NAME") VALUES ('Mapping Dest Two 008');
INSERT INTO "TMAPPING_DEST_TWO"("NAME") VALUES ('Mapping Dest Two 009');
INSERT INTO "TMAPPING_DEST_TWO"("NAME") VALUES ('Mapping Dest Two 010');
INSERT INTO "TMAPPING_DEST_TWO"("NAME") VALUES ('Mapping Dest Two 011');

INSERT INTO "TM_USR_DEST_ONE"("USR_ID", "DEST_ID") VALUES (1, 1);
INSERT INTO "TM_USR_DEST_ONE"("USR_ID", "DEST_ID") VALUES (1, 2);
INSERT INTO "TM_USR_DEST_ONE"("USR_ID", "DEST_ID") VALUES (1, 3);
INSERT INTO "TM_USR_DEST_ONE"("USR_ID", "DEST_ID") VALUES (1, 4);
INSERT INTO "TM_USR_DEST_ONE"("USR_ID", "DEST_ID") VALUES (1, 5);
INSERT INTO "TM_USR_DEST_ONE"("USR_ID", "DEST_ID") VALUES (2, 3);
INSERT INTO "TM_USR_DEST_ONE"("USR_ID", "DEST_ID") VALUES (2, 6);
INSERT INTO "TM_USR_DEST_ONE"("USR_ID", "DEST_ID") VALUES (3, 1);
INSERT INTO "TM_USR_DEST_ONE"("USR_ID", "DEST_ID") VALUES (4, 1);
INSERT INTO "TM_USR_DEST_ONE"("USR_ID", "DEST_ID") VALUES (2, 8);
INSERT INTO "TM_USR_DEST_ONE"("USR_ID", "DEST_ID") VALUES (1, 6);

INSERT INTO "TM_USR_DEST_TWO"("USR_BIZ_KEY", "DEST_ID") VALUES (1111, 1);
INSERT INTO "TM_USR_DEST_TWO"("USR_BIZ_KEY", "DEST_ID") VALUES (1211, 1);
INSERT INTO "TM_USR_DEST_TWO"("USR_BIZ_KEY", "DEST_ID") VALUES (1311, 1);
INSERT INTO "TM_USR_DEST_TWO"("USR_BIZ_KEY", "DEST_ID") VALUES (1411, 2);
INSERT INTO "TM_USR_DEST_TWO"("USR_BIZ_KEY", "DEST_ID") VALUES (1511, 3);
INSERT INTO "TM_USR_DEST_TWO"("USR_BIZ_KEY", "DEST_ID") VALUES (1611, 4);
INSERT INTO "TM_USR_DEST_TWO"("USR_BIZ_KEY", "DEST_ID") VALUES (1711, 5);
INSERT INTO "TM_USR_DEST_TWO"("USR_BIZ_KEY", "DEST_ID") VALUES (1811, 6);
INSERT INTO "TM_USR_DEST_TWO"("USR_BIZ_KEY", "DEST_ID") VALUES (1911, 7);
INSERT INTO "TM_USR_DEST_TWO"("USR_BIZ_KEY", "DEST_ID") VALUES (1111, 7);
INSERT INTO "TM_USR_DEST_TWO"("USR_BIZ_KEY", "DEST_ID") VALUES (1211, 7);
INSERT INTO "TM_USR_DEST_TWO"("USR_BIZ_KEY", "DEST_ID") VALUES (1311, 3);
INSERT INTO "TM_USR_DEST_TWO"("USR_BIZ_KEY", "DEST_ID") VALUES (1411, 4);
INSERT INTO "TM_USR_DEST_TWO"("USR_BIZ_KEY", "DEST_ID") VALUES (1511, 2);

INSERT INTO "TDEMO_VERSION"("VERSION", "UPDATE_TIME", "DETAIL") VALUES ('v1.0.34', '02-01-2018 23:45:37', 'Mise à jour de ceci cela 1');
INSERT INTO "TDEMO_VERSION"("VERSION", "UPDATE_TIME", "DETAIL") VALUES ('v1.0.45', '02-02-2018 23:45:37', 'Mise à jour de ceci cela 2');
INSERT INTO "TDEMO_VERSION"("VERSION", "UPDATE_TIME", "DETAIL") VALUES ('v1.0.51', '02-03-2018 23:45:37', 'Mise à jour de ceci cela 3');
INSERT INTO "TDEMO_VERSION"("VERSION", "UPDATE_TIME", "DETAIL") VALUES ('v1.0.57', '02-04-2018 23:45:37', 'Mise à jour de ceci cela 4');

INSERT INTO "TTABLEOTHERTEST2"("VALUE1", "VALUE2", "VALUE3", "WEIGHT", "LAST_UPDATED") VALUES ('Something1', 'test', 'test1', 14.5, '02-01-2018 23:42:32');
INSERT INTO "TTABLEOTHERTEST2"("VALUE1", "VALUE2", "VALUE3", "WEIGHT", "LAST_UPDATED") VALUES ('Something2', 'test', 'test2', 14.5, '02-01-2018 23:42:32');
INSERT INTO "TTABLEOTHERTEST2"("VALUE1", "VALUE2", "VALUE3", "WEIGHT", "LAST_UPDATED") VALUES ('Something3', 'test', 'test3', 14.5, '02-01-2018 23:42:32');
INSERT INTO "TTABLEOTHERTEST2"("VALUE1", "VALUE2", "VALUE3", "WEIGHT", "LAST_UPDATED") VALUES ('Something4', 'test', 'test4', 14.5, '02-01-2018 23:42:32');
INSERT INTO "TTABLEOTHERTEST2"("VALUE1", "VALUE2", "VALUE3", "WEIGHT", "LAST_UPDATED") VALUES ('Something5', 'test', 'test5', 14.5, '02-01-2018 23:42:32');
INSERT INTO "TTABLEOTHERTEST2"("VALUE1", "VALUE2", "VALUE3", "WEIGHT", "LAST_UPDATED") VALUES ('Something6', 'test', 'test6', 14.5, '02-01-2018 23:42:32');
INSERT INTO "TTABLEOTHERTEST2"("VALUE1", "VALUE2", "VALUE3", "WEIGHT", "LAST_UPDATED") VALUES ('Something7', 'test', 'test7', 14.5, '02-01-2018 23:42:32');
INSERT INTO "TTABLEOTHERTEST2"("VALUE1", "VALUE2", "VALUE3", "WEIGHT", "LAST_UPDATED") VALUES ('Something8', 'test', 'test8', 14.5, '02-01-2018 23:42:32');
INSERT INTO "TTABLEOTHERTEST2"("VALUE1", "VALUE2", "VALUE3", "WEIGHT", "LAST_UPDATED") VALUES ('Something9', 'test', 'test9', 14.5, '02-01-2018 23:42:32');
INSERT INTO "TTABLEOTHERTEST2"("VALUE1", "VALUE2", "VALUE3", "WEIGHT", "LAST_UPDATED") VALUES ('Something11', 'test', 'test11', 14.5, '02-01-2018 23:45:35');
INSERT INTO "TTABLEOTHERTEST2"("VALUE1", "VALUE2", "VALUE3", "WEIGHT", "LAST_UPDATED") VALUES ('Something12', 'test', 'test12', 14.5, '02-01-2018 23:45:35');
INSERT INTO "TTABLEOTHERTEST2"("VALUE1", "VALUE2", "VALUE3", "WEIGHT", "LAST_UPDATED") VALUES ('Something13', 'test', 'test13', 14.5, '02-01-2018 23:45:35');
INSERT INTO "TTABLEOTHERTEST2"("VALUE1", "VALUE2", "VALUE3", "WEIGHT", "LAST_UPDATED") VALUES ('Something14', 'test', 'test14', 14.5, '02-01-2018 23:45:35');
INSERT INTO "TTABLEOTHERTEST2"("VALUE1", "VALUE2", "VALUE3", "WEIGHT", "LAST_UPDATED") VALUES ('Something15', 'test', 'test15', 14.5, '02-01-2018 23:45:35');
INSERT INTO "TTABLEOTHERTEST2"("VALUE1", "VALUE2", "VALUE3", "WEIGHT", "LAST_UPDATED") VALUES ('Something16', 'test', 'test16', 14.5, '02-01-2018 23:45:35');
INSERT INTO "TTABLEOTHERTEST2"("VALUE1", "VALUE2", "VALUE3", "WEIGHT", "LAST_UPDATED") VALUES ('Something17', 'test', 'test17', 14.5, '02-01-2018 23:45:35');
INSERT INTO "TTABLEOTHERTEST2"("VALUE1", "VALUE2", "VALUE3", "WEIGHT", "LAST_UPDATED") VALUES ('Something18', 'test', 'test18', 14.5, '02-01-2018 23:45:35');
INSERT INTO "TTABLEOTHERTEST2"("VALUE1", "VALUE2", "VALUE3", "WEIGHT", "LAST_UPDATED") VALUES ('Something19', 'test', 'test19', 14.5, '02-01-2018 23:45:35');
INSERT INTO "TTABLEOTHERTEST2"("VALUE1", "VALUE2", "VALUE3", "WEIGHT", "LAST_UPDATED") VALUES ('Something20', 'test', 'test20', 14.5, '02-01-2018 23:45:37');
INSERT INTO "TTABLEOTHERTEST2"("VALUE1", "VALUE2", "VALUE3", "WEIGHT", "LAST_UPDATED") VALUES ('Something21', 'test', 'test21', 14.5, '02-01-2018 23:45:37');
INSERT INTO "TTABLEOTHERTEST2"("VALUE1", "VALUE2", "VALUE3", "WEIGHT", "LAST_UPDATED") VALUES ('Something22', 'test', 'test22', 14.5, '02-01-2018 23:45:37');
INSERT INTO "TTABLEOTHERTEST2"("VALUE1", "VALUE2", "VALUE3", "WEIGHT", "LAST_UPDATED") VALUES ('Something23', 'test', 'test23', 14.5, '02-01-2018 23:45:37');
INSERT INTO "TTABLEOTHERTEST2"("VALUE1", "VALUE2", "VALUE3", "WEIGHT", "LAST_UPDATED") VALUES ('Something24', 'test', 'test24', 14.5, '02-01-2018 23:45:37');
INSERT INTO "TTABLEOTHERTEST2"("VALUE1", "VALUE2", "VALUE3", "WEIGHT", "LAST_UPDATED") VALUES ('Something25', 'test', 'test25', 14.5, '02-01-2018 23:45:37');
INSERT INTO "TTABLEOTHERTEST2"("VALUE1", "VALUE2", "VALUE3", "WEIGHT", "LAST_UPDATED") VALUES ('Something26', 'test', 'test26', 14.5, '02-01-2018 23:45:37');
INSERT INTO "TTABLEOTHERTEST2"("VALUE1", "VALUE2", "VALUE3", "WEIGHT", "LAST_UPDATED") VALUES ('Something27', 'test', 'test27', 14.5, '02-01-2018 23:45:37');
INSERT INTO "TTABLEOTHERTEST2"("VALUE1", "VALUE2", "VALUE3", "WEIGHT", "LAST_UPDATED") VALUES ('Something28', 'test', 'test28', 14.5, '02-01-2018 23:45:37');
INSERT INTO "TTABLEOTHERTEST2"("VALUE1", "VALUE2", "VALUE3", "WEIGHT", "LAST_UPDATED") VALUES ('Something29', 'test', 'test29', 14.5, '02-01-2018 23:45:37');
INSERT INTO "TTABLEOTHERTEST2"("VALUE1", "VALUE2", "VALUE3", "WEIGHT", "LAST_UPDATED") VALUES ('Something30', 'test', 'test30', 14.5, '02-01-2018 23:45:37');
INSERT INTO "TTABLEOTHERTEST2"("VALUE1", "VALUE2", "VALUE3", "WEIGHT", "LAST_UPDATED") VALUES ('Something31', 'test', 'test31', 14.5, '02-01-2018 23:45:37');
INSERT INTO "TTABLEOTHERTEST2"("VALUE1", "VALUE2", "VALUE3", "WEIGHT", "LAST_UPDATED") VALUES ('Something32', 'test', 'test32', 14.5, '02-01-2018 23:45:37');
INSERT INTO "TTABLEOTHERTEST2"("VALUE1", "VALUE2", "VALUE3", "WEIGHT", "LAST_UPDATED") VALUES ('Something33', 'test', 'test33', 14.5, '02-01-2018 23:45:37');
INSERT INTO "TTABLEOTHERTEST2"("VALUE1", "VALUE2", "VALUE3", "WEIGHT", "LAST_UPDATED") VALUES ('Something34', 'test', 'test34', 14.5, '02-01-2018 23:45:37');
INSERT INTO "TTABLEOTHERTEST2"("VALUE1", "VALUE2", "VALUE3", "WEIGHT", "LAST_UPDATED") VALUES ('Something35', 'test', 'test35', 14.5, '02-01-2018 23:45:37');
INSERT INTO "TTABLEOTHERTEST2"("VALUE1", "VALUE2", "VALUE3", "WEIGHT", "LAST_UPDATED") VALUES ('Something36', 'test', 'test36', 14.5, '02-01-2018 23:45:37');
INSERT INTO "TTABLEOTHERTEST2"("VALUE1", "VALUE2", "VALUE3", "WEIGHT", "LAST_UPDATED") VALUES ('Something37', 'test', 'test37', 14.5, '02-01-2018 23:45:37');
INSERT INTO "TTABLEOTHERTEST2"("VALUE1", "VALUE2", "VALUE3", "WEIGHT", "LAST_UPDATED") VALUES ('Something38', 'test', 'test38', 14.5, '02-01-2018 23:45:37');
INSERT INTO "TTABLEOTHERTEST2"("VALUE1", "VALUE2", "VALUE3", "WEIGHT", "LAST_UPDATED") VALUES ('Something39', 'test', 'test39', 14.5, '02-01-2018 23:45:37');
INSERT INTO "TTABLEOTHERTEST2"("VALUE1", "VALUE2", "VALUE3", "WEIGHT", "LAST_UPDATED") VALUES ('Something40', 'test', 'test40', 14.5, '02-01-2018 23:45:37');
INSERT INTO "TTABLEOTHERTEST2"("VALUE1", "VALUE2", "VALUE3", "WEIGHT", "LAST_UPDATED") VALUES ('Something41', 'test', 'test41', 14.5, '02-01-2018 23:45:37');
INSERT INTO "TTABLEOTHERTEST2"("VALUE1", "VALUE2", "VALUE3", "WEIGHT", "LAST_UPDATED") VALUES ('Something42', 'test', 'test42', 14.5, '02-01-2018 23:45:37');
INSERT INTO "TTABLEOTHERTEST2"("VALUE1", "VALUE2", "VALUE3", "WEIGHT", "LAST_UPDATED") VALUES ('Something43', 'test', 'test43', 14.5, '02-01-2018 23:45:37');
INSERT INTO "TTABLEOTHERTEST2"("VALUE1", "VALUE2", "VALUE3", "WEIGHT", "LAST_UPDATED") VALUES ('Something44', 'test', 'test44', 14.5, '02-01-2018 23:45:37');
INSERT INTO "TTABLEOTHERTEST2"("VALUE1", "VALUE2", "VALUE3", "WEIGHT", "LAST_UPDATED") VALUES ('Something45', 'test', 'test45', 14.5, '02-01-2018 23:45:37');
INSERT INTO "TTABLEOTHERTEST2"("VALUE1", "VALUE2", "VALUE3", "WEIGHT", "LAST_UPDATED") VALUES ('Something46', 'test', 'test46', 14.5, '02-01-2018 23:45:37');
INSERT INTO "TTABLEOTHERTEST2"("VALUE1", "VALUE2", "VALUE3", "WEIGHT", "LAST_UPDATED") VALUES ('Something47', 'test', 'test47', 14.5, '02-01-2018 23:45:37');
INSERT INTO "TTABLEOTHERTEST2"("VALUE1", "VALUE2", "VALUE3", "WEIGHT", "LAST_UPDATED") VALUES ('Something48', 'test', 'test48', 14.5, '02-01-2018 23:45:37');
INSERT INTO "TTABLEOTHERTEST2"("VALUE1", "VALUE2", "VALUE3", "WEIGHT", "LAST_UPDATED") VALUES ('Something49', 'test', 'test49', 14.5, '02-01-2018 23:45:37');
INSERT INTO "TTABLEOTHERTEST2"("VALUE1", "VALUE2", "VALUE3", "WEIGHT", "LAST_UPDATED") VALUES ('Something50', 'test', 'test50', 14.5, '02-01-2018 23:45:37');
INSERT INTO "TTABLEOTHERTEST2"("VALUE1", "VALUE2", "VALUE3", "WEIGHT", "LAST_UPDATED") VALUES ('Something51', 'test', 'test51', 14.5, '02-01-2018 23:45:37');
INSERT INTO "TTABLEOTHERTEST2"("VALUE1", "VALUE2", "VALUE3", "WEIGHT", "LAST_UPDATED") VALUES ('Something52', 'test', 'test52', 14.5, '02-01-2018 23:45:37');
INSERT INTO "TTABLEOTHERTEST2"("VALUE1", "VALUE2", "VALUE3", "WEIGHT", "LAST_UPDATED") VALUES ('Something53', 'test', 'test53', 14.5, '02-01-2018 23:45:37');
INSERT INTO "TTABLEOTHERTEST2"("VALUE1", "VALUE2", "VALUE3", "WEIGHT", "LAST_UPDATED") VALUES ('Something54', 'test', 'test54', 14.5, '02-01-2018 23:45:37');
INSERT INTO "TTABLEOTHERTEST2"("VALUE1", "VALUE2", "VALUE3", "WEIGHT", "LAST_UPDATED") VALUES ('Something55', 'test', 'test55', 14.5, '02-01-2018 23:45:37');
INSERT INTO "TTABLEOTHERTEST2"("VALUE1", "VALUE2", "VALUE3", "WEIGHT", "LAST_UPDATED") VALUES ('Something56', 'test', 'test56', 14.5, '02-01-2018 23:45:37');
INSERT INTO "TTABLEOTHERTEST2"("VALUE1", "VALUE2", "VALUE3", "WEIGHT", "LAST_UPDATED") VALUES ('Something57', 'test', 'test57', 14.5, '02-01-2018 23:45:37');
INSERT INTO "TTABLEOTHERTEST2"("VALUE1", "VALUE2", "VALUE3", "WEIGHT", "LAST_UPDATED") VALUES ('Something58', 'test', 'test58', 14.5, '02-01-2018 23:45:37');
INSERT INTO "TTABLEOTHERTEST2"("VALUE1", "VALUE2", "VALUE3", "WEIGHT", "LAST_UPDATED") VALUES ('Something59', 'test', 'test59', 14.5, '02-01-2018 23:45:37');
INSERT INTO "TTABLEOTHERTEST2"("VALUE1", "VALUE2", "VALUE3", "WEIGHT", "LAST_UPDATED") VALUES ('Something60', 'test', 'test60', 14.5, '02-01-2018 23:45:37');
INSERT INTO "TTABLEOTHERTEST2"("VALUE1", "VALUE2", "VALUE3", "WEIGHT", "LAST_UPDATED") VALUES ('Something61', 'test', 'test61', 14.5, '02-01-2018 23:45:37');
INSERT INTO "TTABLEOTHERTEST2"("VALUE1", "VALUE2", "VALUE3", "WEIGHT", "LAST_UPDATED") VALUES ('Something62', 'test', 'test62', 14.5, '02-01-2018 23:45:37');
INSERT INTO "TTABLEOTHERTEST2"("VALUE1", "VALUE2", "VALUE3", "WEIGHT", "LAST_UPDATED") VALUES ('Something63', 'test', 'test63', 14.5, '02-01-2018 23:45:37');
INSERT INTO "TTABLEOTHERTEST2"("VALUE1", "VALUE2", "VALUE3", "WEIGHT", "LAST_UPDATED") VALUES ('Something64', 'test', 'test64', 14.5, '02-01-2018 23:45:37');
INSERT INTO "TTABLEOTHERTEST2"("VALUE1", "VALUE2", "VALUE3", "WEIGHT", "LAST_UPDATED") VALUES ('Something65', 'test', 'test65', 14.5, '02-01-2018 23:45:37');
INSERT INTO "TTABLEOTHERTEST2"("VALUE1", "VALUE2", "VALUE3", "WEIGHT", "LAST_UPDATED") VALUES ('Something66', 'test', 'test66', 14.5, '02-01-2018 23:45:37');
INSERT INTO "TTABLEOTHERTEST2"("VALUE1", "VALUE2", "VALUE3", "WEIGHT", "LAST_UPDATED") VALUES ('Something67', 'test', 'test67', 14.5, '02-01-2018 23:45:37');
INSERT INTO "TTABLEOTHERTEST2"("VALUE1", "VALUE2", "VALUE3", "WEIGHT", "LAST_UPDATED") VALUES ('Something68', 'test', 'test68', 14.5, '02-01-2018 23:45:37');
INSERT INTO "TTABLEOTHERTEST2"("VALUE1", "VALUE2", "VALUE3", "WEIGHT", "LAST_UPDATED") VALUES ('Something69', 'test', 'test69', 14.5, '02-01-2018 23:45:37');
INSERT INTO "TTABLEOTHERTEST2"("VALUE1", "VALUE2", "VALUE3", "WEIGHT", "LAST_UPDATED") VALUES ('Something70', 'test', 'test70', 14.5, '02-01-2018 23:45:37');
INSERT INTO "TTABLEOTHERTEST2"("VALUE1", "VALUE2", "VALUE3", "WEIGHT", "LAST_UPDATED") VALUES ('Something71', 'test', 'test71', 14.5, '02-01-2018 23:45:37');
INSERT INTO "TTABLEOTHERTEST2"("VALUE1", "VALUE2", "VALUE3", "WEIGHT", "LAST_UPDATED") VALUES ('Something72', 'test', 'test72', 14.5, '02-01-2018 23:45:37');
INSERT INTO "TTABLEOTHERTEST2"("VALUE1", "VALUE2", "VALUE3", "WEIGHT", "LAST_UPDATED") VALUES ('Something73', 'test', 'test73', 14.5, '02-01-2018 23:45:37');
INSERT INTO "TTABLEOTHERTEST2"("VALUE1", "VALUE2", "VALUE3", "WEIGHT", "LAST_UPDATED") VALUES ('Something74', 'test', 'test74', 14.5, '02-01-2018 23:45:37');
INSERT INTO "TTABLEOTHERTEST2"("VALUE1", "VALUE2", "VALUE3", "WEIGHT", "LAST_UPDATED") VALUES ('Something75', 'test', 'test75', 14.5, '02-01-2018 23:45:37');
INSERT INTO "TTABLEOTHERTEST2"("VALUE1", "VALUE2", "VALUE3", "WEIGHT", "LAST_UPDATED") VALUES ('Something76', 'test', 'test76', 14.5, '02-01-2018 23:45:37');
INSERT INTO "TTABLEOTHERTEST2"("VALUE1", "VALUE2", "VALUE3", "WEIGHT", "LAST_UPDATED") VALUES ('Something77', 'test', 'test77', 14.5, '02-01-2018 23:45:37');
INSERT INTO "TTABLEOTHERTEST2"("VALUE1", "VALUE2", "VALUE3", "WEIGHT", "LAST_UPDATED") VALUES ('Something78', 'test', 'test78', 14.5, '02-01-2018 23:45:37');
INSERT INTO "TTABLEOTHERTEST2"("VALUE1", "VALUE2", "VALUE3", "WEIGHT", "LAST_UPDATED") VALUES ('Something79', 'test', 'test79', 14.5, '02-01-2018 23:45:37');
INSERT INTO "TTABLEOTHERTEST2"("VALUE1", "VALUE2", "VALUE3", "WEIGHT", "LAST_UPDATED") VALUES ('Something80', 'test', 'test80', 14.5, '02-01-2018 23:45:37');
INSERT INTO "TTABLEOTHERTEST2"("VALUE1", "VALUE2", "VALUE3", "WEIGHT", "LAST_UPDATED") VALUES ('Something81', 'test', 'test81', 14.5, '02-01-2018 23:45:37');
INSERT INTO "TTABLEOTHERTEST2"("VALUE1", "VALUE2", "VALUE3", "WEIGHT", "LAST_UPDATED") VALUES ('Something82', 'test', 'test82', 14.5, '02-01-2018 23:45:37');
INSERT INTO "TTABLEOTHERTEST2"("VALUE1", "VALUE2", "VALUE3", "WEIGHT", "LAST_UPDATED") VALUES ('Something83', 'test', 'test83', 14.5, '02-01-2018 23:45:37');
INSERT INTO "TTABLEOTHERTEST2"("VALUE1", "VALUE2", "VALUE3", "WEIGHT", "LAST_UPDATED") VALUES ('Something84', 'test', 'test84', 14.5, '02-01-2018 23:45:37');
INSERT INTO "TTABLEOTHERTEST2"("VALUE1", "VALUE2", "VALUE3", "WEIGHT", "LAST_UPDATED") VALUES ('Something85', 'test', 'test85', 14.5, '02-01-2018 23:45:37');
INSERT INTO "TTABLEOTHERTEST2"("VALUE1", "VALUE2", "VALUE3", "WEIGHT", "LAST_UPDATED") VALUES ('Something86', 'test', 'test86', 14.5, '02-01-2018 23:45:37');
INSERT INTO "TTABLEOTHERTEST2"("VALUE1", "VALUE2", "VALUE3", "WEIGHT", "LAST_UPDATED") VALUES ('Something87', 'test', 'test87', 14.5, '02-01-2018 23:45:37');
INSERT INTO "TTABLEOTHERTEST2"("VALUE1", "VALUE2", "VALUE3", "WEIGHT", "LAST_UPDATED") VALUES ('Something88', 'test', 'test88', 14.5, '02-01-2018 23:45:37');
INSERT INTO "TTABLEOTHERTEST2"("VALUE1", "VALUE2", "VALUE3", "WEIGHT", "LAST_UPDATED") VALUES ('Something89', 'test', 'test89', 14.5, '02-01-2018 23:45:37');
INSERT INTO "TTABLEOTHERTEST2"("VALUE1", "VALUE2", "VALUE3", "WEIGHT", "LAST_UPDATED") VALUES ('Something90', 'test', 'test90', 14.5, '02-01-2018 23:45:37');
INSERT INTO "TTABLEOTHERTEST2"("VALUE1", "VALUE2", "VALUE3", "WEIGHT", "LAST_UPDATED") VALUES ('Something91', 'test', 'test91', 14.5, '02-01-2018 23:45:37');
INSERT INTO "TTABLEOTHERTEST2"("VALUE1", "VALUE2", "VALUE3", "WEIGHT", "LAST_UPDATED") VALUES ('Something92', 'test', 'test92', 14.5, '02-01-2018 23:45:37');
INSERT INTO "TTABLEOTHERTEST2"("VALUE1", "VALUE2", "VALUE3", "WEIGHT", "LAST_UPDATED") VALUES ('Something93', 'test', 'test93', 14.5, '02-01-2018 23:45:37');
INSERT INTO "TTABLEOTHERTEST2"("VALUE1", "VALUE2", "VALUE3", "WEIGHT", "LAST_UPDATED") VALUES ('Something94', 'test', 'test94', 14.5, '02-01-2018 23:45:37');
INSERT INTO "TTABLEOTHERTEST2"("VALUE1", "VALUE2", "VALUE3", "WEIGHT", "LAST_UPDATED") VALUES ('Something95', 'test', 'test95', 14.5, '02-01-2018 23:45:37');
INSERT INTO "TTABLEOTHERTEST2"("VALUE1", "VALUE2", "VALUE3", "WEIGHT", "LAST_UPDATED") VALUES ('Something96', 'test', 'test96', 14.5, '02-01-2018 23:45:37');
INSERT INTO "TTABLEOTHERTEST2"("VALUE1", "VALUE2", "VALUE3", "WEIGHT", "LAST_UPDATED") VALUES ('Something97', 'test', 'test97', 14.5, '02-01-2018 23:45:37');
INSERT INTO "TTABLEOTHERTEST2"("VALUE1", "VALUE2", "VALUE3", "WEIGHT", "LAST_UPDATED") VALUES ('Something98', 'test', 'test98', 14.5, '02-01-2018 23:45:37');
INSERT INTO "TTABLEOTHERTEST2"("VALUE1", "VALUE2", "VALUE3", "WEIGHT", "LAST_UPDATED") VALUES ('Something99', 'test', 'test99', 14.5, '02-01-2018 23:45:37');
INSERT INTO "TTABLEOTHERTEST2"("VALUE1", "VALUE2", "VALUE3", "WEIGHT", "LAST_UPDATED") VALUES ('Something100', 'test', 'test100', 14.5, '02-01-2018 23:45:37');
INSERT INTO "TTABLEOTHERTEST2"("VALUE1", "VALUE2", "VALUE3", "WEIGHT", "LAST_UPDATED") VALUES ('Something101', 'test', 'test101', 14.5, '02-01-2018 23:45:37');
INSERT INTO "TTABLEOTHERTEST2"("VALUE1", "VALUE2", "VALUE3", "WEIGHT", "LAST_UPDATED") VALUES ('Something102', 'test', 'test102', 14.5, '02-01-2018 23:45:37');
INSERT INTO "TTABLEOTHERTEST2"("VALUE1", "VALUE2", "VALUE3", "WEIGHT", "LAST_UPDATED") VALUES ('Something103', 'test', 'test103', 14.5, '02-01-2018 23:45:37');
INSERT INTO "TTABLEOTHERTEST2"("VALUE1", "VALUE2", "VALUE3", "WEIGHT", "LAST_UPDATED") VALUES ('Something104', 'test', 'test104', 14.5, '02-01-2018 23:45:37');
INSERT INTO "TTABLEOTHERTEST2"("VALUE1", "VALUE2", "VALUE3", "WEIGHT", "LAST_UPDATED") VALUES ('Something105', 'test', 'test105', 14.5, '02-01-2018 23:45:37');
INSERT INTO "TTABLEOTHERTEST2"("VALUE1", "VALUE2", "VALUE3", "WEIGHT", "LAST_UPDATED") VALUES ('Something106', 'test', 'test106', 14.5, '02-01-2018 23:45:37');
INSERT INTO "TTABLEOTHERTEST2"("VALUE1", "VALUE2", "VALUE3", "WEIGHT", "LAST_UPDATED") VALUES ('Something107', 'test', 'test107', 14.5, '02-01-2018 23:45:37');
INSERT INTO "TTABLEOTHERTEST2"("VALUE1", "VALUE2", "VALUE3", "WEIGHT", "LAST_UPDATED") VALUES ('Something108', 'test', 'test108', 14.5, '02-01-2018 23:45:37');
INSERT INTO "TTABLEOTHERTEST2"("VALUE1", "VALUE2", "VALUE3", "WEIGHT", "LAST_UPDATED") VALUES ('Something109', 'test', 'test109', 14.5, '02-01-2018 23:45:37');
INSERT INTO "TTABLEOTHERTEST2"("VALUE1", "VALUE2", "VALUE3", "WEIGHT", "LAST_UPDATED") VALUES ('Something110', 'test', 'test110', 14.5, '02-01-2018 23:45:37');
INSERT INTO "TTABLEOTHERTEST2"("VALUE1", "VALUE2", "VALUE3", "WEIGHT", "LAST_UPDATED") VALUES ('Something111', 'test', 'test111', 14.5, '02-01-2018 23:45:37');
INSERT INTO "TTABLEOTHERTEST2"("VALUE1", "VALUE2", "VALUE3", "WEIGHT", "LAST_UPDATED") VALUES ('Something112', 'test', 'test112', 14.5, '02-01-2018 23:45:37');
INSERT INTO "TTABLEOTHERTEST2"("VALUE1", "VALUE2", "VALUE3", "WEIGHT", "LAST_UPDATED") VALUES ('Something113', 'test', 'test113', 14.5, '02-01-2018 23:45:37');
INSERT INTO "TTABLEOTHERTEST2"("VALUE1", "VALUE2", "VALUE3", "WEIGHT", "LAST_UPDATED") VALUES ('Something114', 'test', 'test114', 14.5, '02-01-2018 23:45:37');
INSERT INTO "TTABLEOTHERTEST2"("VALUE1", "VALUE2", "VALUE3", "WEIGHT", "LAST_UPDATED") VALUES ('Something115', 'test', 'test115', 14.5, '02-01-2018 23:45:37');
INSERT INTO "TTABLEOTHERTEST2"("VALUE1", "VALUE2", "VALUE3", "WEIGHT", "LAST_UPDATED") VALUES ('Something116', 'test', 'test116', 14.5, '02-01-2018 23:45:37');
INSERT INTO "TTABLEOTHERTEST2"("VALUE1", "VALUE2", "VALUE3", "WEIGHT", "LAST_UPDATED") VALUES ('Something117', 'test', 'test117', 14.5, '02-01-2018 23:45:37');
INSERT INTO "TTABLEOTHERTEST2"("VALUE1", "VALUE2", "VALUE3", "WEIGHT", "LAST_UPDATED") VALUES ('Something118', 'test', 'test118', 14.5, '02-01-2018 23:45:37');
INSERT INTO "TTABLEOTHERTEST2"("VALUE1", "VALUE2", "VALUE3", "WEIGHT", "LAST_UPDATED") VALUES ('Something119', 'test', 'test119', 14.5, '02-01-2018 23:45:37');


INSERT INTO "TCATEGORYMATERIEL"("NOM", "DETAIL") VALUES ('Compteur', 'Type de compteur standard');
INSERT INTO "TCATEGORYMATERIEL"("NOM", "DETAIL") VALUES ('Pylone', 'Gros pylone HT');
INSERT INTO "TCATEGORYMATERIEL"("NOM", "DETAIL") VALUES ('Box', 'Catégorie de box');
INSERT INTO "TCATEGORYMATERIEL"("NOM", "DETAIL") VALUES ('Antenne', 'Catégorie pour les antennes');
INSERT INTO "TCATEGORYMATERIEL"("NOM", "DETAIL") VALUES ('Centrale', 'Centrale électrique');
INSERT INTO "TCATEGORYMATERIEL"("NOM", "DETAIL") VALUES ('Raccord', 'Raccordement');


INSERT INTO "TTYPEMATERIEL"("TYPE", "SERIE", "CATID") VALUES ('Compteur lynki vert', 'L009887321', 1);
INSERT INTO "TTYPEMATERIEL"("TYPE", "SERIE", "CATID") VALUES ('Compteur schneider blanc', 'SCH09887131', 1);
INSERT INTO "TTYPEMATERIEL"("TYPE", "SERIE", "CATID") VALUES ('Compteur chinois chipou', 'HK-0001', 1);
INSERT INTO "TTYPEMATERIEL"("TYPE", "SERIE", "CATID") VALUES ('Parc éolien', '099922', 5);
INSERT INTO "TTYPEMATERIEL"("TYPE", "SERIE", "CATID") VALUES ('Central à charbon autrichienne', '0CHARBO', 5);
INSERT INTO "TTYPEMATERIEL"("TYPE", "SERIE", "CATID") VALUES ('Freebox', 'FREE001', 3);
INSERT INTO "TTYPEMATERIEL"("TYPE", "SERIE", "CATID") VALUES ('Livebox', 'ORANGE001', 3);
INSERT INTO "TTYPEMATERIEL"("TYPE", "SERIE", "CATID") VALUES ('Compteur lynki bleu', 'L009887381', 1);
INSERT INTO "TTYPEMATERIEL"("TYPE", "SERIE", "CATID") VALUES ('Compteur schneider mauve', 'SCH0988221', 1);
INSERT INTO "TTYPEMATERIEL"("TYPE", "SERIE", "CATID") VALUES ('Ancien MGE', 'MGE5566', 1);
INSERT INTO "TTYPEMATERIEL"("TYPE", "SERIE", "CATID") VALUES ('Central au fioul', '099555', 5);
INSERT INTO "TTYPEMATERIEL"("TYPE", "SERIE", "CATID") VALUES ('Central nucléaire', 'ALSTOM001', 5);
INSERT INTO "TTYPEMATERIEL"("TYPE", "SERIE", "CATID") VALUES ('SagemCom', 'SSDD001', 3);
INSERT INTO "TTYPEMATERIEL"("TYPE", "SERIE", "CATID") VALUES ('BBox', 'BBB001', 3);
INSERT INTO "TTYPEMATERIEL"("TYPE", "SERIE", "CATID") VALUES ('Antenne droite', '011', 4);
INSERT INTO "TTYPEMATERIEL"("TYPE", "SERIE", "CATID") VALUES ('Pylone A', 'AAAP', 2);
INSERT INTO "TTYPEMATERIEL"("TYPE", "SERIE", "CATID") VALUES ('Pylone B', 'BBBP', 2);
INSERT INTO "TTYPEMATERIEL"("TYPE", "SERIE", "CATID") VALUES ('Pylone C', 'CCCP', 2);
INSERT INTO "TTYPEMATERIEL"("TYPE", "SERIE", "CATID") VALUES ('Pylone D', 'DDDP', 2);
INSERT INTO "TTYPEMATERIEL"("TYPE", "SERIE", "CATID") VALUES ('Pylone E', 'EEEP', 2);
INSERT INTO "TTYPEMATERIEL"("TYPE", "SERIE", "CATID") VALUES ('Pylone F', 'FFFP', 2);
INSERT INTO "TTYPEMATERIEL"("TYPE", "SERIE", "CATID") VALUES ('Pylone G', 'GGGP', 2);
INSERT INTO "TTYPEMATERIEL"("TYPE", "SERIE", "CATID") VALUES ('Pylone H', 'HHHP', 2);
INSERT INTO "TTYPEMATERIEL"("TYPE", "SERIE", "CATID") VALUES ('Pylone I', 'IIIP', 2);
INSERT INTO "TTYPEMATERIEL"("TYPE", "SERIE", "CATID") VALUES ('Pylone J', 'JJJP', 2);
INSERT INTO "TTYPEMATERIEL"("TYPE", "SERIE", "CATID") VALUES ('Pylone K', 'KKKP', 2);
INSERT INTO "TTYPEMATERIEL"("TYPE", "SERIE", "CATID") VALUES ('Pylone L', 'LLLP', 2);
INSERT INTO "TTYPEMATERIEL"("TYPE", "SERIE", "CATID") VALUES ('Pylone M', 'MMMP', 2);
INSERT INTO "TTYPEMATERIEL"("TYPE", "SERIE", "CATID") VALUES ('Pylone N', 'NNNP', 2);
INSERT INTO "TTYPEMATERIEL"("TYPE", "SERIE", "CATID") VALUES ('Pylone O', 'OOOP', 2);
INSERT INTO "TTYPEMATERIEL"("TYPE", "SERIE", "CATID") VALUES ('Pylone P', 'PPPP', 2);
INSERT INTO "TTYPEMATERIEL"("TYPE", "SERIE", "CATID") VALUES ('Pylone Q', 'QQQP', 2);
INSERT INTO "TTYPEMATERIEL"("TYPE", "SERIE", "CATID") VALUES ('Pylone R', 'RRRP', 2);


INSERT INTO "TTABLEOTHER"("VALUE", "COUNT", "WHEN", "TYPEID") VALUES ('Lynki_AAA', 45, '02-01-2018 23:42:32', 1);
INSERT INTO "TTABLEOTHER"("VALUE", "COUNT", "WHEN", "TYPEID") VALUES ('Lynki_BBB', 33, '02-01-2018 23:42:32', 1);
INSERT INTO "TTABLEOTHER"("VALUE", "COUNT", "WHEN", "TYPEID") VALUES ('Lynki_CCC', 2, '02-01-2018 23:42:32', 1);
INSERT INTO "TTABLEOTHER"("VALUE", "COUNT", "WHEN", "TYPEID") VALUES ('SchneiderAAA', 209, '02-01-2018 23:42:32', 2);
INSERT INTO "TTABLEOTHER"("VALUE", "COUNT", "WHEN", "TYPEID") VALUES ('SchneiderBBB', 231, '02-01-2018 23:42:32', 2);
INSERT INTO "TTABLEOTHER"("VALUE", "COUNT", "WHEN", "TYPEID") VALUES ('SchneiderCCC', 232, '02-01-2018 23:42:32', 2);
INSERT INTO "TTABLEOTHER"("VALUE", "COUNT", "WHEN", "TYPEID") VALUES ('SchneiderDDD', 233, '02-01-2018 23:42:32', 2);
INSERT INTO "TTABLEOTHER"("VALUE", "COUNT", "WHEN", "TYPEID") VALUES ('SchneiderEEE', 234, '02-01-2018 23:42:32', 2);
INSERT INTO "TTABLEOTHER"("VALUE", "COUNT", "WHEN", "TYPEID") VALUES ('SchneiderFFF', 235, '02-01-2018 23:42:32', 2);
INSERT INTO "TTABLEOTHER"("VALUE", "COUNT", "WHEN", "TYPEID") VALUES ('SchneiderGGG', 236, '02-01-2018 23:42:32', 2);
INSERT INTO "TTABLEOTHER"("VALUE", "COUNT", "WHEN", "TYPEID") VALUES ('SchneiderHHH', 237, '02-01-2018 23:42:32', 2);
INSERT INTO "TTABLEOTHER"("VALUE", "COUNT", "WHEN", "TYPEID") VALUES ('SchneiderIII', 238, '02-01-2018 23:42:32', 2);
INSERT INTO "TTABLEOTHER"("VALUE", "COUNT", "WHEN", "TYPEID") VALUES ('SchneiderJJJ', 239, '02-01-2018 23:42:32', 2);
INSERT INTO "TTABLEOTHER"("VALUE", "COUNT", "WHEN", "TYPEID") VALUES ('SchneiderKKK', 240, '02-01-2018 23:42:32', 2);
INSERT INTO "TTABLEOTHER"("VALUE", "COUNT", "WHEN", "TYPEID") VALUES ('SchneiderLLL', 241, '02-01-2018 23:42:32', 2);
INSERT INTO "TTABLEOTHER"("VALUE", "COUNT", "WHEN", "TYPEID") VALUES ('SchneiderMMM', 242, '02-01-2018 23:42:32', 2);
INSERT INTO "TTABLEOTHER"("VALUE", "COUNT", "WHEN", "TYPEID") VALUES ('SchneiderNNN', 243, '02-01-2018 23:42:32', 2);
INSERT INTO "TTABLEOTHER"("VALUE", "COUNT", "WHEN", "TYPEID") VALUES ('SchneiderOOO', 244, '02-01-2018 23:42:32', 2);
INSERT INTO "TTABLEOTHER"("VALUE", "COUNT", "WHEN", "TYPEID") VALUES ('SchneiderPPP', 245, '02-01-2018 23:42:32', 2);
INSERT INTO "TTABLEOTHER"("VALUE", "COUNT", "WHEN", "TYPEID") VALUES ('SchneiderQQQ', 246, '02-01-2018 23:42:32', 2);
INSERT INTO "TTABLEOTHER"("VALUE", "COUNT", "WHEN", "TYPEID") VALUES ('SchneiderRRR', 247, '02-01-2018 23:42:32', 2);

INSERT INTO "TMODELE"("CODE_SERIE", "CREATE_DATE", "FABRICANT", "DESCRIPTION", "BINARY_VALUE", "TYPEID", "ACTIF") VALUES ('ABB0001', '02-01-2018 23:42:32', 'DUPON', 'Un modèle de test - 1', '0123456789ABCDEF0123456789ABCDEF1', 1, 1);
INSERT INTO "TMODELE"("CODE_SERIE", "CREATE_DATE", "FABRICANT", "DESCRIPTION", "BINARY_VALUE", "TYPEID", "ACTIF") VALUES ('ABB0002', '02-01-2018 23:42:33', 'DUPON', 'Un modèle de test - 2', '0123456789ABCDEF0123456789ABCDEF2', 2, 1);
INSERT INTO "TMODELE"("CODE_SERIE", "CREATE_DATE", "FABRICANT", "DESCRIPTION", "BINARY_VALUE", "TYPEID", "ACTIF") VALUES ('ABB0003', '02-01-2018 23:42:34', 'DUPON', 'Un modèle de test - 3', '0123456789ABCDEF0123456789ABCDEF3', 3, 1);

INSERT INTO "ADVANCED_COLS" VALUES ('JJ00011', 'Advanced 1', 3, 2, 'This is a detail value', 1, '0123456789ABCDEF0123456789ABCDEF1', '02-01-2018 11:42:34', '02-05-2018 23:42:34');
INSERT INTO "ADVANCED_COLS" VALUES ('JJ00012', 'Advanced 2', 2, 2, 'This is a detail value', 1, '0123456789ABCDEF4123456789ABCDEF1', '02-01-2018 12:42:34', '02-05-2018 23:43:34');
INSERT INTO "ADVANCED_COLS" VALUES ('JJ00013', 'Advanced 3', 1, 1, 'This is a detail value', 1, '0123456789ABCDEF0123456789ABC32F1', '02-01-2018 13:42:34', '02-05-2018 19:11:34');
INSERT INTO "ADVANCED_COLS" VALUES ('JJ00014', 'Advanced 4', 3, 2, 'This is a detail value', 1, '0123456789ABCDEF0123456789ABCDEF1', '02-01-2018 14:42:34', '02-05-2018 23:42:34');
INSERT INTO "ADVANCED_COLS" VALUES ('JJ00015', 'Advanced 5', 1, 4, 'This is a detail value', 1, '0123456789FBCDEF0123456789ABCDEF1', '02-01-2018 15:42:34', '02-05-2018 10:42:34');
INSERT INTO "ADVANCED_COLS" VALUES ('JJ00016', 'Advanced 6', 2, 2, 'This is a detail value', 0, '0123456789ABCDEF012345678911CDEF1', '02-01-2018 16:42:34', '02-05-2018 23:42:34');
INSERT INTO "ADVANCED_COLS" VALUES ('JJ00017', 'Advanced 7', 1, 1, 'This is a detail value', 1, '0123456789ABCEEF0123456789ABCDEF1', '02-01-2018 17:42:34', '02-05-2018 21:42:34');
INSERT INTO "ADVANCED_COLS" VALUES ('JJ00018', 'Advanced 8', 3, 2, 'This is a detail value', 1, '0123444789ABCDEF0123456789A12DEF1', '02-01-2018 18:42:34', '02-05-2018 23:42:34');

INSERT INTO "TAPPLICATIONINFO" VALUES ('AAAA', 1, 'DEMO USER', '02-01-2018 18:42:34',  NULL, NULL, 1 , 'V-DEMO-1', 'DATAGATE-DEMO', 'PROD', 1, 'Hello World');
INSERT INTO "TAPPLICATIONINFO" VALUES ('BBBB', 1, 'DEMO USER', '02-01-2019 15:42:34',  NULL, NULL, 1 , 'V-DEMO-2', 'DATAGATE-DEMO', 'PROD', 1, 'Hello World 2');

COMMIT;

EXEC DBMS_STATS.gather_schema_stats('DEMO', cascade=>TRUE);